user_id,product_id,rating,timestamp,review_id
A1B2C3D4E5F6G,B01LYEEFVH,5,2023-01-15 08:30:00,
A1B2C3D4E5F6G,B07PGL8355,4,2023-01-16 09:45:00,
A1B2C3D4E5F6G,B07XKF5RM3,5,2023-01-17 10:15:00,
A1B2C3D4E5F6G,B08N5KWB9H,4,2023-01-18 11:30:00,
H7I8J9K0L1M2N,B08KTZCF4N,3,2023-02-01 14:20:00,
H7I8J9K0L1M2N,B07W6ZQYJR,4,2023-02-05 11:10:00,
H7I8J9K0L1M2N,B08H95Y452,5,2023-02-10 16:45:00,
H7I8J9K0L1M2N,B08J8FL9J2,4,2023-02-15 13:20:00,
O3P4Q5R6S7T8U,B08FC5L3RG,5,2023-03-10 16:30:00,
O3P4Q5R6S7T8U,B07VGRJDFY,4,2023-03-12 10:15:00,
O3P4Q5R6S7T8U,B08L5WD9D6,3,2023-03-15 14:50:00,
O3P4Q5R6S7T8U,B08BX7FV5L,5,2023-03-18 09:25:00,
V9W0X1Y2Z3A4B,B07R2W9D3X,2,2023-04-20 19:45:00,
V9W0X1Y2Z3A4B,B07K1J3C23,5,2023-04-22 13:25:00,
V9W0X1Y2Z3A4B,B07T81554H,4,2023-04-25 17:30:00,
V9W0X1Y2Z3A4B,B08N5LNQCX,3,2023-04-28 11:15:00,
C5D6E7F8G9H0I,B08PDN2R3C,4,2023-05-05 20:30:00,
C5D6E7F8G9H0I,B08T4Y6HJX,5,2023-05-08 18:15:00,
C5D6E7F8G9H0I,B08G1Y9XNK,3,2023-05-12 14:45:00,
C5D6E7F8G9H0I,B08CX5JL4D,4,2023-05-15 16:30:00,
D1E2F3G4H5I6J,B08JQQ1VD1,5,2023-06-01 09:00:00,
D1E2F3G4H5I6J,B08K3S6WJS,4,2023-06-05 15:30:00,
D1E2F3G4H5I6J,B08F7H7J9V,3,2023-06-10 11:45:00,
D1E2F3G4H5I6J,B08N5K5D5S,5,2023-06-15 17:20:00,
K1L2M3N4O5P6Q,B08HR5SXPS,4,2023-07-01 10:15:00,
K1L2M3N4O5P6Q,B08L8J1G3Q,3,2023-07-05 14:30:00,
K1L2M3N4O5P6Q,B08L3QCZZX,5,2023-07-10 19:45:00,
K1L2M3N4O5P6Q,B08K3Y2D5T,4,2023-07-15 13:20:00,
R1S2T3U4V5W6X,B08HRJV5FP,5,2023-08-01 08:45:00,
R1S2T3U4V5W6X,B08F2T4L2G,4,2023-08-05 12:30:00,
R1S2T3U4V5W6X,B08N5K5D5T,5,2023-08-10 16:15:00,
R1S2T3U4V5W6X,B08L8J1G3W,3,2023-08-15 14:50:00,
Y1Z2A3B4C5D6E,B08K3Y2D5U,4,2023-09-01 11:30:00,
Y1Z2A3B4C5D6E,B08HRJV5FQ,5,2023-09-05 15:45:00,
Y1Z2A3B4C5D6E,B08F2T4L2H,4,2023-09-10 10:20:00,
Y1Z2A3B4C5D6E,B08N5K5D5U,3,2023-09-15 17:35:00,
F1G2H3I4J5K6L,B08L8J1G3X,5,2023-10-01 09:15:00,
F1G2H3I4J5K6L,B08K3Y2D5V,4,2023-10-05 13:40:00,
F1G2H3I4J5K6L,B08HRJV5FR,5,2023-10-10 18:25:00,
F1G2H3I4J5K6L,B08F2T4L2I,4,2023-10-15 14:50:00,
M1N2O3P4Q5R6S,B08N5K5D5V,3,2023-11-01 10:30:00,
M1N2O3P4Q5R6S,B08L8J1G3Y,4,2023-11-05 15:15:00,
M1N2O3P4Q5R6S,B08K3Y2D5W,5,2023-11-10 19:40:00,
M1N2O3P4Q5R6S,B08HRJV5FS,4,2023-11-15 12:25:00,
T1U2V3W4X5Y6Z,B08F2T4L2J,5,2023-12-01 08:50:00,
T1U2V3W4X5Y6Z,B08N5K5D5W,4,2023-12-05 11:35:00,
T1U2V3W4X5Y6Z,B08L8J1G3Z,3,2023-12-10 16:20:00,
T1U2V3W4X5Y6Z,B08K3Y2D5X,5,2023-12-15 14:45:00,
A1B2C3D4E5F6G,B08HRJV5FT,4,2023-01-20 12:15:00,
A1B2C3D4E5F6G,B08F2T4L2K,5,2023-01-25 15:30:00,
H7I8J9K0L1M2N,B08N5K5D5T,4,2023-02-20 10:45:00,
H7I8J9K0L1M2N,B08L8J1G3W,3,2023-02-25 14:20:00,
O3P4Q5R6S7T8U,B08K3Y2D5U,5,2023-03-20 11:35:00,
O3P4Q5R6S7T8U,B08HRJV5FQ,4,2023-03-25 16:50:00,
V9W0X1Y2Z3A4B,B08F2T4L2H,3,2023-04-30 09:25:00,
V9W0X1Y2Z3A4B,B08N5K5D5U,5,2023-05-05 13:40:00,
C5D6E7F8G9H0I,B08L8J1G3X,4,2023-05-20 17:15:00,
C5D6E7F8G9H0I,B08K3Y2D5V,5,2023-05-25 19:30:00,
D1E2F3G4H5I6J,B08HRJV5FR,4,2023-06-20 10:45:00,
D1E2F3G4H5I6J,B08F2T4L2I,3,2023-06-25 14:20:00,
K1L2M3N4O5P6Q,B08N5K5D5V,5,2023-07-20 11:35:00,
K1L2M3N4O5P6Q,B08L8J1G3Y,4,2023-07-25 16:50:00,
R1S2T3U4V5W6X,B08K3Y2D5W,5,2023-08-20 09:25:00,
R1S2T3U4V5W6X,B08HRJV5FS,4,2023-08-25 13:40:00,
Y1Z2A3B4C5D6E,B08F2T4L2J,3,2023-09-20 17:15:00,
Y1Z2A3B4C5D6E,B08N5K5D5W,5,2023-09-25 19:30:00,
F1G2H3I4J5K6L,B08L8J1G3Z,4,2023-10-20 10:45:00,
F1G2H3I4J5K6L,B08K3Y2D5X,5,2023-10-25 14:20:00,
M1N2O3P4Q5R6S,B08HRJV5FT,3,2023-11-20 11:35:00,
M1N2O3P4Q5R6S,B08F2T4L2K,4,2023-11-25 16:50:00,
T1U2V3W4X5Y6Z,B08N5K5D5T,5,2023-12-20 09:25:00,
T1U2V3W4X5Y6Z,B08L8J1G3W,4,2023-12-25 13:40:00,
A1B2C3D4E5F6G,B07W6ZQYJR,5,2023-01-30 17:15:00,
H7I8J9K0L1M2N,B08KTZCF4N,4,2023-02-28 19:30:00,
O3P4Q5R6S7T8U,B07VGRJDFY,3,2023-03-30 10:45:00,
V9W0X1Y2Z3A4B,B07K1J3C23,5,2023-04-30 14:20:00,
C5D6E7F8G9H0I,B08PDN2R3C,4,2023-05-30 11:35:00,
D1E2F3G4H5I6J,B08JQQ1VD1,5,2023-06-30 16:50:00,
K1L2M3N4O5P6Q,B08HR5SXPS,3,2023-07-30 09:25:00,
R1S2T3U4V5W6X,B08L8J1G3Q,4,2023-08-30 13:40:00,
Y1Z2A3B4C5D6E,B08L3QCZZX,5,2023-09-30 17:15:00,
F1G2H3I4J5K6L,B08K3Y2D5T,4,2023-10-30 19:30:00,
M1N2O3P4Q5R6S,B08HRJV5FP,3,2023-11-30 10:45:00,
T1U2V3W4X5Y6Z,B08F2T4L2G,5,2023-12-30 14:20:00,
F1G2H3I4J5K6L,B08F2T4L2I,4.2,2023-10-15 14:50:00,REV100000
O3P4Q5R6S7T8U,B07VGRJDFY,2.9,2023-03-30 10:45:00,REV100001
K1L2M3N4O5P6Q,B08N5K5D5V,5,2023-07-20 11:35:00,REV100002
A1B2C3D4E5F6G,B08F2T4L2K,5,2023-01-25 15:30:00,REV100003
F1G2H3I4J5K6L,B08L8J1G3Z,3.9,2023-10-20 10:45:00,REV100004
K1L2M3N4O5P6Q,B08L8J1G3Y,3.9,2023-07-25 16:50:00,REV100005
C5D6E7F8G9H0I,B08K3Y2D5V,5,2023-05-25 19:30:00,REV100006
Y1Z2A3B4C5D6E,B08K3Y2D5U,4.4,2023-09-01 11:30:00,REV100007
O3P4Q5R6S7T8U,B07VGRJDFY,2.8,2023-03-30 10:45:00,REV100008
V9W0X1Y2Z3A4B,B08N5LNQCX,3.3,2023-04-28 11:15:00,REV100009
F1G2H3I4J5K6L,B08K3Y2D5T,3.8,2023-10-30 19:30:00,REV100010
T1U2V3W4X5Y6Z,B08K3Y2D5X,4.8,2023-12-15 14:45:00,REV100011
O3P4Q5R6S7T8U,B07VGRJDFY,4.1,2023-03-12 10:15:00,REV100012
F1G2H3I4J5K6L,B08K3Y2D5T,3,2023-10-30 19:30:00,REV100013
F1G2H3I4J5K6L,B08K3Y2D5V,3.1,2023-10-05 13:40:00,REV100014
C5D6E7F8G9H0I,B08G1Y9XNK,2.7,2023-05-12 14:45:00,REV100015
Y1Z2A3B4C5D6E,B08N5K5D5U,2.5,2023-09-15 17:35:00,REV100016
D1E2F3G4H5I6J,B08HRJV5FR,4.2,2023-06-20 10:45:00,REV100017
R1S2T3U4V5W6X,B08K3Y2D5W,4.5,2023-08-20 09:25:00,REV100018
C5D6E7F8G9H0I,B08PDN2R3C,3.3,2023-05-30 11:35:00,REV100019
T1U2V3W4X5Y6Z,B08N5K5D5W,4.7,2023-12-05 11:35:00,REV100020
A1B2C3D4E5F6G,B07XKF5RM3,4.9,2023-01-17 10:15:00,REV100021
H7I8J9K0L1M2N,B08KTZCF4N,4,2023-02-28 19:30:00,REV100022
Y1Z2A3B4C5D6E,B08F2T4L2J,2.3,2023-09-20 17:15:00,REV100023
H7I8J9K0L1M2N,B08J8FL9J2,3.7,2023-02-15 13:20:00,REV100024
H7I8J9K0L1M2N,B08N5K5D5T,4.1,2023-02-20 10:45:00,REV100025
Y1Z2A3B4C5D6E,B08L3QCZZX,4.4,2023-09-30 17:15:00,REV100026
A1B2C3D4E5F6G,B07W6ZQYJR,5,2023-01-30 17:15:00,REV100027
H7I8J9K0L1M2N,B07W6ZQYJR,3.7,2023-02-05 11:10:00,REV100028
F1G2H3I4J5K6L,B08HRJV5FR,4.9,2023-10-10 18:25:00,REV100029
D1E2F3G4H5I6J,B08F2T4L2I,2.7,2023-06-25 14:20:00,REV100030
K1L2M3N4O5P6Q,B08K3Y2D5T,4.9,2023-07-15 13:20:00,REV100031
O3P4Q5R6S7T8U,B08HRJV5FQ,4,2023-03-25 16:50:00,REV100032
F1G2H3I4J5K6L,B08L8J1G3X,4.5,2023-10-01 09:15:00,REV100033
O3P4Q5R6S7T8U,B08FC5L3RG,5,2023-03-10 16:30:00,REV100034
F1G2H3I4J5K6L,B08K3Y2D5T,3.4,2023-10-30 19:30:00,REV100035
V9W0X1Y2Z3A4B,B08N5K5D5U,5,2023-05-05 13:40:00,REV100036
D1E2F3G4H5I6J,B08HRJV5FR,3,2023-06-20 10:45:00,REV100037
A1B2C3D4E5F6G,B07PGL8355,3.3,2023-01-16 09:45:00,REV100038
K1L2M3N4O5P6Q,B08N5K5D5V,5,2023-07-20 11:35:00,REV100039
C5D6E7F8G9H0I,B08K3Y2D5V,5,2023-05-25 19:30:00,REV100040
D1E2F3G4H5I6J,B08F2T4L2I,3.1,2023-06-25 14:20:00,REV100041
F1G2H3I4J5K6L,B08F2T4L2I,3.9,2023-10-15 14:50:00,REV100042
Y1Z2A3B4C5D6E,B08N5K5D5U,2.8,2023-09-15 17:35:00,REV100043
F1G2H3I4J5K6L,B08L8J1G3X,4.3,2023-10-01 09:15:00,REV100044
K1L2M3N4O5P6Q,B08HR5SXPS,2.6,2023-07-30 09:25:00,REV100045
C5D6E7F8G9H0I,B08T4Y6HJX,4.8,2023-05-08 18:15:00,REV100046
R1S2T3U4V5W6X,B08K3Y2D5W,5,2023-08-20 09:25:00,REV100047
D1E2F3G4H5I6J,B08K3S6WJS,4.2,2023-06-05 15:30:00,REV100048
O3P4Q5R6S7T8U,B08L5WD9D6,2.1,2023-03-15 14:50:00,REV100049
C5D6E7F8G9H0I,B08K3Y2D5V,5,2023-05-25 19:30:00,REV100050
C5D6E7F8G9H0I,B08L8J1G3X,3.8,2023-05-20 17:15:00,REV100051
C5D6E7F8G9H0I,B08PDN2R3C,3.7,2023-05-30 11:35:00,REV100052
A1B2C3D4E5F6G,B08N5KWB9H,4.3,2023-01-18 11:30:00,REV100053
H7I8J9K0L1M2N,B08H95Y452,5,2023-02-10 16:45:00,REV100054
K1L2M3N4O5P6Q,B08N5K5D5V,5,2023-07-20 11:35:00,REV100055
O3P4Q5R6S7T8U,B08HRJV5FQ,3.6,2023-03-25 16:50:00,REV100056
F1G2H3I4J5K6L,B08K3Y2D5X,4.8,2023-10-25 14:20:00,REV100057
K1L2M3N4O5P6Q,B08HR5SXPS,3.2,2023-07-30 09:25:00,REV100058
A1B2C3D4E5F6G,B01LYEEFVH,5,2023-01-15 08:30:00,REV100059
V9W0X1Y2Z3A4B,B08F2T4L2H,2.8,2023-04-30 09:25:00,REV100060
A1B2C3D4E5F6G,B07XKF5RM3,4.9,2023-01-17 10:15:00,REV100061
D1E2F3G4H5I6J,B08JQQ1VD1,4.4,2023-06-30 16:50:00,REV100062
F1G2H3I4J5K6L,B08K3Y2D5V,3.4,2023-10-05 13:40:00,REV100063
A1B2C3D4E5F6G,B01LYEEFVH,5,2023-01-15 08:30:00,REV100064
F1G2H3I4J5K6L,B08K3Y2D5V,4.7,2023-10-05 13:40:00,REV100065
R1S2T3U4V5W6X,B08HRJV5FP,5,2023-08-01 08:45:00,REV100066
H7I8J9K0L1M2N,B08KTZCF4N,3.5,2023-02-01 14:20:00,REV100067
H7I8J9K0L1M2N,B08KTZCF4N,4.2,2023-02-28 19:30:00,REV100068
D1E2F3G4H5I6J,B08JQQ1VD1,4.7,2023-06-01 09:00:00,REV100069
T1U2V3W4X5Y6Z,B08N5K5D5T,5,2023-12-20 09:25:00,REV100070
F1G2H3I4J5K6L,B08L8J1G3Z,4.8,2023-10-20 10:45:00,REV100071
T1U2V3W4X5Y6Z,B08L8J1G3Z,3,2023-12-10 16:20:00,REV100072
T1U2V3W4X5Y6Z,B08F2T4L2G,5,2023-12-30 14:20:00,REV100073
M1N2O3P4Q5R6S,B08HRJV5FP,2,2023-11-30 10:45:00,REV100074
Y1Z2A3B4C5D6E,B08F2T4L2H,4.4,2023-09-10 10:20:00,REV100075
F1G2H3I4J5K6L,B08K3Y2D5X,5,2023-10-25 14:20:00,REV100076
M1N2O3P4Q5R6S,B08HRJV5FT,2.9,2023-11-20 11:35:00,REV100077
A1B2C3D4E5F6G,B01LYEEFVH,5,2023-01-15 08:30:00,REV100078
F1G2H3I4J5K6L,B08K3Y2D5X,4,2023-10-25 14:20:00,REV100079
O3P4Q5R6S7T8U,B08BX7FV5L,4.9,2023-03-18 09:25:00,REV100080
D1E2F3G4H5I6J,B08F2T4L2I,3.2,2023-06-25 14:20:00,REV100081
K1L2M3N4O5P6Q,B08L3QCZZX,5,2023-07-10 19:45:00,REV100082
V9W0X1Y2Z3A4B,B08N5K5D5U,4.7,2023-05-05 13:40:00,REV100083
D1E2F3G4H5I6J,B08F7H7J9V,2.6,2023-06-10 11:45:00,REV100084
K1L2M3N4O5P6Q,B08HR5SXPS,3.7,2023-07-01 10:15:00,REV100085
D1E2F3G4H5I6J,B08JQQ1VD1,5,2023-06-01 09:00:00,REV100086
K1L2M3N4O5P6Q,B08N5K5D5V,5,2023-07-20 11:35:00,REV100087
R1S2T3U4V5W6X,B08K3Y2D5W,4.7,2023-08-20 09:25:00,REV100088
H7I8J9K0L1M2N,B08L8J1G3W,3.3,2023-02-25 14:20:00,REV100089
K1L2M3N4O5P6Q,B08HR5SXPS,4,2023-07-01 10:15:00,REV100090
V9W0X1Y2Z3A4B,B08F2T4L2H,3.5,2023-04-30 09:25:00,REV100091
T1U2V3W4X5Y6Z,B08N5K5D5W,3.6,2023-12-05 11:35:00,REV100092
R1S2T3U4V5W6X,B08L8J1G3W,2.8,2023-08-15 14:50:00,REV100093
V9W0X1Y2Z3A4B,B08F2T4L2H,2.8,2023-04-30 09:25:00,REV100094
H7I8J9K0L1M2N,B08KTZCF4N,2.3,2023-02-01 14:20:00,REV100095
Y1Z2A3B4C5D6E,B08N5K5D5U,3.1,2023-09-15 17:35:00,REV100096
A1B2C3D4E5F6G,B08HRJV5FT,4.1,2023-01-20 12:15:00,REV100097
C5D6E7F8G9H0I,B08K3Y2D5V,5,2023-05-25 19:30:00,REV100098
F1G2H3I4J5K6L,B08HRJV5FR,4.9,2023-10-10 18:25:00,REV100099
R1S2T3U4V5W6X,B08L8J1G3Q,3.3,2023-08-30 13:40:00,REV100100
K1L2M3N4O5P6Q,B08N5K5D5V,4.8,2023-07-20 11:35:00,REV100101
O3P4Q5R6S7T8U,B08FC5L3RG,4.8,2023-03-10 16:30:00,REV100102
H7I8J9K0L1M2N,B07W6ZQYJR,3.6,2023-02-05 11:10:00,REV100103
Y1Z2A3B4C5D6E,B08F2T4L2H,3.9,2023-09-10 10:20:00,REV100104
F1G2H3I4J5K6L,B08HRJV5FR,5,2023-10-10 18:25:00,REV100105
D1E2F3G4H5I6J,B08K3S6WJS,4.9,2023-06-05 15:30:00,REV100106
M1N2O3P4Q5R6S,B08N5K5D5V,3.1,2023-11-01 10:30:00,REV100107
H7I8J9K0L1M2N,B08KTZCF4N,3.1,2023-02-01 14:20:00,REV100108
M1N2O3P4Q5R6S,B08L8J1G3Y,4,2023-11-05 15:15:00,REV100109
Y1Z2A3B4C5D6E,B08L3QCZZX,4,2023-09-30 17:15:00,REV100110
V9W0X1Y2Z3A4B,B07K1J3C23,5,2023-04-30 14:20:00,REV100111
R1S2T3U4V5W6X,B08L8J1G3Q,4,2023-08-30 13:40:00,REV100112
F1G2H3I4J5K6L,B08L8J1G3Z,5,2023-10-20 10:45:00,REV100113
R1S2T3U4V5W6X,B08F2T4L2G,3.9,2023-08-05 12:30:00,REV100114
C5D6E7F8G9H0I,B08L8J1G3X,4.2,2023-05-20 17:15:00,REV100115
A1B2C3D4E5F6G,B07W6ZQYJR,5,2023-01-30 17:15:00,REV100116
R1S2T3U4V5W6X,B08HRJV5FP,4.4,2023-08-01 08:45:00,REV100117
F1G2H3I4J5K6L,B08L8J1G3X,5,2023-10-01 09:15:00,REV100118
V9W0X1Y2Z3A4B,B07R2W9D3X,2.4,2023-04-20 19:45:00,REV100119
R1S2T3U4V5W6X,B08L8J1G3W,3.4,2023-08-15 14:50:00,REV100120
T1U2V3W4X5Y6Z,B08N5K5D5W,3.5,2023-12-05 11:35:00,REV100121
D1E2F3G4H5I6J,B08F7H7J9V,3.7,2023-06-10 11:45:00,REV100122
T1U2V3W4X5Y6Z,B08F2T4L2J,4.3,2023-12-01 08:50:00,REV100123
C5D6E7F8G9H0I,B08PDN2R3C,4.3,2023-05-05 20:30:00,REV100124
Y1Z2A3B4C5D6E,B08N5K5D5W,5,2023-09-25 19:30:00,REV100125
H7I8J9K0L1M2N,B07W6ZQYJR,3.5,2023-02-05 11:10:00,REV100126
C5D6E7F8G9H0I,B08T4Y6HJX,4.7,2023-05-08 18:15:00,REV100127
D1E2F3G4H5I6J,B08K3S6WJS,4,2023-06-05 15:30:00,REV100128
Y1Z2A3B4C5D6E,B08K3Y2D5U,3.7,2023-09-01 11:30:00,REV100129
R1S2T3U4V5W6X,B08F2T4L2G,3.2,2023-08-05 12:30:00,REV100130
Y1Z2A3B4C5D6E,B08L3QCZZX,5,2023-09-30 17:15:00,REV100131
R1S2T3U4V5W6X,B08L8J1G3W,2.5,2023-08-15 14:50:00,REV100132
M1N2O3P4Q5R6S,B08L8J1G3Y,4.2,2023-11-05 15:15:00,REV100133
D1E2F3G4H5I6J,B08JQQ1VD1,4.5,2023-06-30 16:50:00,REV100134
O3P4Q5R6S7T8U,B07VGRJDFY,4.8,2023-03-12 10:15:00,REV100135
Y1Z2A3B4C5D6E,B08N5K5D5U,2.6,2023-09-15 17:35:00,REV100136
Y1Z2A3B4C5D6E,B08HRJV5FQ,4.8,2023-09-05 15:45:00,REV100137
A1B2C3D4E5F6G,B07W6ZQYJR,5,2023-01-30 17:15:00,REV100138
K1L2M3N4O5P6Q,B08K3Y2D5T,3.4,2023-07-15 13:20:00,REV100139
O3P4Q5R6S7T8U,B08L5WD9D6,3.1,2023-03-15 14:50:00,REV100140
D1E2F3G4H5I6J,B08JQQ1VD1,5,2023-06-30 16:50:00,REV100141
F1G2H3I4J5K6L,B08HRJV5FR,4.2,2023-10-10 18:25:00,REV100142
T1U2V3W4X5Y6Z,B08L8J1G3Z,3.1,2023-12-10 16:20:00,REV100143
C5D6E7F8G9H0I,B08G1Y9XNK,3.1,2023-05-12 14:45:00,REV100144
V9W0X1Y2Z3A4B,B07T81554H,4.4,2023-04-25 17:30:00,REV100145
K1L2M3N4O5P6Q,B08K3Y2D5T,3.4,2023-07-15 13:20:00,REV100146
D1E2F3G4H5I6J,B08N5K5D5S,4.3,2023-06-15 17:20:00,REV100147
T1U2V3W4X5Y6Z,B08L8J1G3W,4.3,2023-12-25 13:40:00,REV100148
O3P4Q5R6S7T8U,B08FC5L3RG,5,2023-03-10 16:30:00,REV100149
T1U2V3W4X5Y6Z,B08L8J1G3Z,3.1,2023-12-10 16:20:00,REV100150
Y1Z2A3B4C5D6E,B08K3Y2D5U,4.2,2023-09-01 11:30:00,REV100151
K1L2M3N4O5P6Q,B08L8J1G3Y,3.7,2023-07-25 16:50:00,REV100152
C5D6E7F8G9H0I,B08G1Y9XNK,3.1,2023-05-12 14:45:00,REV100153
F1G2H3I4J5K6L,B08L8J1G3Z,4.1,2023-10-20 10:45:00,REV100154
H7I8J9K0L1M2N,B08KTZCF4N,3.6,2023-02-28 19:30:00,REV100155
F1G2H3I4J5K6L,B08F2T4L2I,4.9,2023-10-15 14:50:00,REV100156
T1U2V3W4X5Y6Z,B08L8J1G3Z,3.2,2023-12-10 16:20:00,REV100157
Y1Z2A3B4C5D6E,B08F2T4L2J,2.4,2023-09-20 17:15:00,REV100158
R1S2T3U4V5W6X,B08HRJV5FP,5,2023-08-01 08:45:00,REV100159
A1B2C3D4E5F6G,B08F2T4L2K,4.5,2023-01-25 15:30:00,REV100160
V9W0X1Y2Z3A4B,B07R2W9D3X,2.4,2023-04-20 19:45:00,REV100161
A1B2C3D4E5F6G,B01LYEEFVH,5,2023-01-15 08:30:00,REV100162
Y1Z2A3B4C5D6E,B08HRJV5FQ,4.6,2023-09-05 15:45:00,REV100163
T1U2V3W4X5Y6Z,B08K3Y2D5X,5,2023-12-15 14:45:00,REV100164
C5D6E7F8G9H0I,B08PDN2R3C,4.2,2023-05-30 11:35:00,REV100165
T1U2V3W4X5Y6Z,B08K3Y2D5X,5,2023-12-15 14:45:00,REV100166
A1B2C3D4E5F6G,B08HRJV5FT,4.9,2023-01-20 12:15:00,REV100167
R1S2T3U4V5W6X,B08HRJV5FS,3.9,2023-08-25 13:40:00,REV100168
K1L2M3N4O5P6Q,B08N5K5D5V,4.6,2023-07-20 11:35:00,REV100169
R1S2T3U4V5W6X,B08HRJV5FP,4.6,2023-08-01 08:45:00,REV100170
F1G2H3I4J5K6L,B08HRJV5FR,4.6,2023-10-10 18:25:00,REV100171
K1L2M3N4O5P6Q,B08L8J1G3Q,3,2023-07-05 14:30:00,REV100172
C5D6E7F8G9H0I,B08PDN2R3C,4.2,2023-05-05 20:30:00,REV100173
T1U2V3W4X5Y6Z,B08N5K5D5T,5,2023-12-20 09:25:00,REV100174
V9W0X1Y2Z3A4B,B07R2W9D3X,2.4,2023-04-20 19:45:00,REV100175
M1N2O3P4Q5R6S,B08HRJV5FT,3,2023-11-20 11:35:00,REV100176
K1L2M3N4O5P6Q,B08L8J1G3Q,3.7,2023-07-05 14:30:00,REV100177
A1B2C3D4E5F6G,B08HRJV5FT,3.9,2023-01-20 12:15:00,REV100178
F1G2H3I4J5K6L,B08L8J1G3Z,5,2023-10-20 10:45:00,REV100179
H7I8J9K0L1M2N,B08H95Y452,5,2023-02-10 16:45:00,REV100180
C5D6E7F8G9H0I,B08K3Y2D5V,4.6,2023-05-25 19:30:00,REV100181
A1B2C3D4E5F6G,B08HRJV5FT,3.5,2023-01-20 12:15:00,REV100182
O3P4Q5R6S7T8U,B08K3Y2D5U,5,2023-03-20 11:35:00,REV100183
Y1Z2A3B4C5D6E,B08F2T4L2J,2.9,2023-09-20 17:15:00,REV100184
K1L2M3N4O5P6Q,B08L8J1G3Y,4.4,2023-07-25 16:50:00,REV100185
C5D6E7F8G9H0I,B08PDN2R3C,4.2,2023-05-05 20:30:00,REV100186
M1N2O3P4Q5R6S,B08K3Y2D5W,5,2023-11-10 19:40:00,REV100187
K1L2M3N4O5P6Q,B08HR5SXPS,3.6,2023-07-01 10:15:00,REV100188
A1B2C3D4E5F6G,B07XKF5RM3,4.2,2023-01-17 10:15:00,REV100189
K1L2M3N4O5P6Q,B08HR5SXPS,2.8,2023-07-30 09:25:00,REV100190
R1S2T3U4V5W6X,B08HRJV5FP,5,2023-08-01 08:45:00,REV100191
R1S2T3U4V5W6X,B08L8J1G3W,3.1,2023-08-15 14:50:00,REV100192
K1L2M3N4O5P6Q,B08L8J1G3Q,2.4,2023-07-05 14:30:00,REV100193
V9W0X1Y2Z3A4B,B08N5LNQCX,3.1,2023-04-28 11:15:00,REV100194
K1L2M3N4O5P6Q,B08HR5SXPS,4.2,2023-07-01 10:15:00,REV100195
O3P4Q5R6S7T8U,B08HRJV5FQ,3.6,2023-03-25 16:50:00,REV100196
K1L2M3N4O5P6Q,B08K3Y2D5T,4.1,2023-07-15 13:20:00,REV100197
A1B2C3D4E5F6G,B07W6ZQYJR,5,2023-01-30 17:15:00,REV100198
V9W0X1Y2Z3A4B,B08N5K5D5U,4.4,2023-05-05 13:40:00,REV100199
Y1Z2A3B4C5D6E,B08F2T4L2J,3.2,2023-09-20 17:15:00,REV100200
R1S2T3U4V5W6X,B08L8J1G3Q,4.3,2023-08-30 13:40:00,REV100201
M1N2O3P4Q5R6S,B08N5K5D5V,3.5,2023-11-01 10:30:00,REV100202
H7I8J9K0L1M2N,B08N5K5D5T,4.5,2023-02-20 10:45:00,REV100203
T1U2V3W4X5Y6Z,B08N5K5D5T,4.3,2023-12-20 09:25:00,REV100204
D1E2F3G4H5I6J,B08JQQ1VD1,4.5,2023-06-30 16:50:00,REV100205
R1S2T3U4V5W6X,B08HRJV5FP,5,2023-08-01 08:45:00,REV100206
M1N2O3P4Q5R6S,B08HRJV5FP,3.3,2023-11-30 10:45:00,REV100207
C5D6E7F8G9H0I,B08G1Y9XNK,3.3,2023-05-12 14:45:00,REV100208
Y1Z2A3B4C5D6E,B08N5K5D5W,5,2023-09-25 19:30:00,REV100209
M1N2O3P4Q5R6S,B08N5K5D5V,3.3,2023-11-01 10:30:00,REV100210
T1U2V3W4X5Y6Z,B08F2T4L2J,5,2023-12-01 08:50:00,REV100211
V9W0X1Y2Z3A4B,B07T81554H,4.5,2023-04-25 17:30:00,REV100212
A1B2C3D4E5F6G,B07XKF5RM3,5,2023-01-17 10:15:00,REV100213
O3P4Q5R6S7T8U,B08L5WD9D6,2.8,2023-03-15 14:50:00,REV100214
O3P4Q5R6S7T8U,B08K3Y2D5U,5,2023-03-20 11:35:00,REV100215
T1U2V3W4X5Y6Z,B08N5K5D5W,3.6,2023-12-05 11:35:00,REV100216
R1S2T3U4V5W6X,B08F2T4L2G,3.9,2023-08-05 12:30:00,REV100217
C5D6E7F8G9H0I,B08L8J1G3X,3.8,2023-05-20 17:15:00,REV100218
C5D6E7F8G9H0I,B08T4Y6HJX,5,2023-05-08 18:15:00,REV100219
H7I8J9K0L1M2N,B08N5K5D5T,5,2023-02-20 10:45:00,REV100220
T1U2V3W4X5Y6Z,B08K3Y2D5X,4.1,2023-12-15 14:45:00,REV100221
Y1Z2A3B4C5D6E,B08N5K5D5W,5,2023-09-25 19:30:00,REV100222
H7I8J9K0L1M2N,B08J8FL9J2,3.2,2023-02-15 13:20:00,REV100223
D1E2F3G4H5I6J,B08K3S6WJS,3.8,2023-06-05 15:30:00,REV100224
H7I8J9K0L1M2N,B07W6ZQYJR,4.5,2023-02-05 11:10:00,REV100225
V9W0X1Y2Z3A4B,B07K1J3C23,5,2023-04-30 14:20:00,REV100226
C5D6E7F8G9H0I,B08L8J1G3X,3.5,2023-05-20 17:15:00,REV100227
Y1Z2A3B4C5D6E,B08N5K5D5U,2.6,2023-09-15 17:35:00,REV100228
K1L2M3N4O5P6Q,B08HR5SXPS,3.3,2023-07-30 09:25:00,REV100229
C5D6E7F8G9H0I,B08L8J1G3X,3.6,2023-05-20 17:15:00,REV100230
A1B2C3D4E5F6G,B08HRJV5FT,4.1,2023-01-20 12:15:00,REV100231
T1U2V3W4X5Y6Z,B08F2T4L2J,5,2023-12-01 08:50:00,REV100232
F1G2H3I4J5K6L,B08K3Y2D5T,3.7,2023-10-30 19:30:00,REV100233
Y1Z2A3B4C5D6E,B08N5K5D5W,5,2023-09-25 19:30:00,REV100234
C5D6E7F8G9H0I,B08PDN2R3C,4.3,2023-05-30 11:35:00,REV100235
T1U2V3W4X5Y6Z,B08F2T4L2J,4,2023-12-01 08:50:00,REV100236
K1L2M3N4O5P6Q,B08HR5SXPS,3.1,2023-07-30 09:25:00,REV100237
C5D6E7F8G9H0I,B08CX5JL4D,3.7,2023-05-15 16:30:00,REV100238
R1S2T3U4V5W6X,B08HRJV5FS,4.4,2023-08-25 13:40:00,REV100239
F1G2H3I4J5K6L,B08L8J1G3Z,3.6,2023-10-20 10:45:00,REV100240
M1N2O3P4Q5R6S,B08HRJV5FP,2.9,2023-11-30 10:45:00,REV100241
A1B2C3D4E5F6G,B07XKF5RM3,5,2023-01-17 10:15:00,REV100242
O3P4Q5R6S7T8U,B08HRJV5FQ,4.4,2023-03-25 16:50:00,REV100243
D1E2F3G4H5I6J,B08JQQ1VD1,4.4,2023-06-30 16:50:00,REV100244
R1S2T3U4V5W6X,B08HRJV5FS,3.8,2023-08-25 13:40:00,REV100245
F1G2H3I4J5K6L,B08F2T4L2I,3.8,2023-10-15 14:50:00,REV100246
D1E2F3G4H5I6J,B08HRJV5FR,3.7,2023-06-20 10:45:00,REV100247
V9W0X1Y2Z3A4B,B08F2T4L2H,3.9,2023-04-30 09:25:00,REV100248
K1L2M3N4O5P6Q,B08L8J1G3Y,4.2,2023-07-25 16:50:00,REV100249
A1B2C3D4E5F6G,B08N5KWB9H,3.4,2023-01-18 11:30:00,REV100250
D1E2F3G4H5I6J,B08F2T4L2I,3.5,2023-06-25 14:20:00,REV100251
O3P4Q5R6S7T8U,B07VGRJDFY,4.1,2023-03-30 10:45:00,REV100252
R1S2T3U4V5W6X,B08F2T4L2G,4.5,2023-08-05 12:30:00,REV100253
A1B2C3D4E5F6G,B07PGL8355,3.2,2023-01-16 09:45:00,REV100254
K1L2M3N4O5P6Q,B08L8J1G3Y,3.8,2023-07-25 16:50:00,REV100255
A1B2C3D4E5F6G,B08HRJV5FT,4.6,2023-01-20 12:15:00,REV100256
O3P4Q5R6S7T8U,B08FC5L3RG,4.6,2023-03-10 16:30:00,REV100257
R1S2T3U4V5W6X,B08N5K5D5T,5,2023-08-10 16:15:00,REV100258
K1L2M3N4O5P6Q,B08N5K5D5V,5,2023-07-20 11:35:00,REV100259
K1L2M3N4O5P6Q,B08HR5SXPS,2.5,2023-07-30 09:25:00,REV100260
T1U2V3W4X5Y6Z,B08K3Y2D5X,5,2023-12-15 14:45:00,REV100261
K1L2M3N4O5P6Q,B08HR5SXPS,2.4,2023-07-01 10:15:00,REV100262
Y1Z2A3B4C5D6E,B08N5K5D5U,2.5,2023-09-15 17:35:00,REV100263
H7I8J9K0L1M2N,B08J8FL9J2,3.9,2023-02-15 13:20:00,REV100264
A1B2C3D4E5F6G,B07W6ZQYJR,4.4,2023-01-30 17:15:00,REV100265
C5D6E7F8G9H0I,B08K3Y2D5V,5,2023-05-25 19:30:00,REV100266
T1U2V3W4X5Y6Z,B08F2T4L2J,4.3,2023-12-01 08:50:00,REV100267
K1L2M3N4O5P6Q,B08L8J1G3Y,3.8,2023-07-25 16:50:00,REV100268
F1G2H3I4J5K6L,B08HRJV5FR,5,2023-10-10 18:25:00,REV100269
C5D6E7F8G9H0I,B08K3Y2D5V,5,2023-05-25 19:30:00,REV100270
Y1Z2A3B4C5D6E,B08L3QCZZX,4.3,2023-09-30 17:15:00,REV100271
M1N2O3P4Q5R6S,B08HRJV5FP,3.6,2023-11-30 10:45:00,REV100272
R1S2T3U4V5W6X,B08HRJV5FS,4,2023-08-25 13:40:00,REV100273
M1N2O3P4Q5R6S,B08HRJV5FS,3.5,2023-11-15 12:25:00,REV100274
R1S2T3U4V5W6X,B08HRJV5FP,5,2023-08-01 08:45:00,REV100275
D1E2F3G4H5I6J,B08HRJV5FR,4.1,2023-06-20 10:45:00,REV100276
T1U2V3W4X5Y6Z,B08N5K5D5T,4.7,2023-12-20 09:25:00,REV100277
O3P4Q5R6S7T8U,B08FC5L3RG,5,2023-03-10 16:30:00,REV100278
H7I8J9K0L1M2N,B07W6ZQYJR,3.8,2023-02-05 11:10:00,REV100279
R1S2T3U4V5W6X,B08HRJV5FP,5,2023-08-01 08:45:00,REV100280
C5D6E7F8G9H0I,B08K3Y2D5V,5,2023-05-25 19:30:00,REV100281
C5D6E7F8G9H0I,B08PDN2R3C,4.8,2023-05-05 20:30:00,REV100282
V9W0X1Y2Z3A4B,B08N5LNQCX,2.4,2023-04-28 11:15:00,REV100283
A1B2C3D4E5F6G,B07XKF5RM3,5,2023-01-17 10:15:00,REV100284
D1E2F3G4H5I6J,B08JQQ1VD1,4,2023-06-01 09:00:00,REV100285
R1S2T3U4V5W6X,B08HRJV5FS,3.9,2023-08-25 13:40:00,REV100286
Y1Z2A3B4C5D6E,B08N5K5D5U,3.3,2023-09-15 17:35:00,REV100287
K1L2M3N4O5P6Q,B08L8J1G3Y,4.1,2023-07-25 16:50:00,REV100288
M1N2O3P4Q5R6S,B08L8J1G3Y,3.7,2023-11-05 15:15:00,REV100289
V9W0X1Y2Z3A4B,B07K1J3C23,4.9,2023-04-30 14:20:00,REV100290
M1N2O3P4Q5R6S,B08L8J1G3Y,3.8,2023-11-05 15:15:00,REV100291
K1L2M3N4O5P6Q,B08N5K5D5V,4.7,2023-07-20 11:35:00,REV100292
V9W0X1Y2Z3A4B,B07R2W9D3X,2.4,2023-04-20 19:45:00,REV100293
O3P4Q5R6S7T8U,B08L5WD9D6,3.2,2023-03-15 14:50:00,REV100294
O3P4Q5R6S7T8U,B08HRJV5FQ,3.7,2023-03-25 16:50:00,REV100295
V9W0X1Y2Z3A4B,B08N5LNQCX,3.4,2023-04-28 11:15:00,REV100296
H7I8J9K0L1M2N,B08J8FL9J2,4.2,2023-02-15 13:20:00,REV100297
D1E2F3G4H5I6J,B08HRJV5FR,4.4,2023-06-20 10:45:00,REV100298
C5D6E7F8G9H0I,B08L8J1G3X,4.3,2023-05-20 17:15:00,REV100299
F1G2H3I4J5K6L,B08F2T4L2I,3.6,2023-10-15 14:50:00,REV100300
D1E2F3G4H5I6J,B08HRJV5FR,3.7,2023-06-20 10:45:00,REV100301
A1B2C3D4E5F6G,B07PGL8355,4.4,2023-01-16 09:45:00,REV100302
V9W0X1Y2Z3A4B,B07K1J3C23,5,2023-04-30 14:20:00,REV100303
O3P4Q5R6S7T8U,B07VGRJDFY,4,2023-03-12 10:15:00,REV100304
M1N2O3P4Q5R6S,B08HRJV5FS,4.1,2023-11-15 12:25:00,REV100305
O3P4Q5R6S7T8U,B08L5WD9D6,3.6,2023-03-15 14:50:00,REV100306
K1L2M3N4O5P6Q,B08HR5SXPS,2.7,2023-07-30 09:25:00,REV100307
R1S2T3U4V5W6X,B08L8J1G3Q,4.3,2023-08-30 13:40:00,REV100308
Y1Z2A3B4C5D6E,B08L3QCZZX,4.9,2023-09-30 17:15:00,REV100309
A1B2C3D4E5F6G,B07PGL8355,3.9,2023-01-16 09:45:00,REV100310
A1B2C3D4E5F6G,B08F2T4L2K,5,2023-01-25 15:30:00,REV100311
O3P4Q5R6S7T8U,B08BX7FV5L,5,2023-03-18 09:25:00,REV100312
D1E2F3G4H5I6J,B08F7H7J9V,3.4,2023-06-10 11:45:00,REV100313
C5D6E7F8G9H0I,B08T4Y6HJX,5,2023-05-08 18:15:00,REV100314
K1L2M3N4O5P6Q,B08L8J1G3Y,4,2023-07-25 16:50:00,REV100315
K1L2M3N4O5P6Q,B08L8J1G3Y,4.3,2023-07-25 16:50:00,REV100316
F1G2H3I4J5K6L,B08K3Y2D5V,3.8,2023-10-05 13:40:00,REV100317
F1G2H3I4J5K6L,B08L8J1G3Z,4.2,2023-10-20 10:45:00,REV100318
F1G2H3I4J5K6L,B08K3Y2D5V,3.9,2023-10-05 13:40:00,REV100319
F1G2H3I4J5K6L,B08L8J1G3Z,4,2023-10-20 10:45:00,REV100320
K1L2M3N4O5P6Q,B08N5K5D5V,5,2023-07-20 11:35:00,REV100321
A1B2C3D4E5F6G,B01LYEEFVH,4.6,2023-01-15 08:30:00,REV100322
T1U2V3W4X5Y6Z,B08F2T4L2J,5,2023-12-01 08:50:00,REV100323
K1L2M3N4O5P6Q,B08K3Y2D5T,3.5,2023-07-15 13:20:00,REV100324
D1E2F3G4H5I6J,B08JQQ1VD1,4.4,2023-06-01 09:00:00,REV100325
V9W0X1Y2Z3A4B,B07R2W9D3X,2.6,2023-04-20 19:45:00,REV100326
K1L2M3N4O5P6Q,B08L3QCZZX,5,2023-07-10 19:45:00,REV100327
H7I8J9K0L1M2N,B08H95Y452,5,2023-02-10 16:45:00,REV100328
D1E2F3G4H5I6J,B08K3S6WJS,4.3,2023-06-05 15:30:00,REV100329
H7I8J9K0L1M2N,B08KTZCF4N,4,2023-02-28 19:30:00,REV100330
O3P4Q5R6S7T8U,B08K3Y2D5U,4.6,2023-03-20 11:35:00,REV100331
K1L2M3N4O5P6Q,B08HR5SXPS,3,2023-07-30 09:25:00,REV100332
K1L2M3N4O5P6Q,B08HR5SXPS,2.7,2023-07-30 09:25:00,REV100333
A1B2C3D4E5F6G,B08N5KWB9H,4.5,2023-01-18 11:30:00,REV100334
D1E2F3G4H5I6J,B08F7H7J9V,2.9,2023-06-10 11:45:00,REV100335
M1N2O3P4Q5R6S,B08F2T4L2K,3.6,2023-11-25 16:50:00,REV100336
T1U2V3W4X5Y6Z,B08F2T4L2G,4.8,2023-12-30 14:20:00,REV100337
T1U2V3W4X5Y6Z,B08F2T4L2G,5,2023-12-30 14:20:00,REV100338
V9W0X1Y2Z3A4B,B07K1J3C23,4.7,2023-04-30 14:20:00,REV100339
Y1Z2A3B4C5D6E,B08K3Y2D5U,3.6,2023-09-01 11:30:00,REV100340
K1L2M3N4O5P6Q,B08K3Y2D5T,4.1,2023-07-15 13:20:00,REV100341
H7I8J9K0L1M2N,B08J8FL9J2,4.1,2023-02-15 13:20:00,REV100342
A1B2C3D4E5F6G,B01LYEEFVH,4.7,2023-01-15 08:30:00,REV100343
F1G2H3I4J5K6L,B08L8J1G3X,4.8,2023-10-01 09:15:00,REV100344
R1S2T3U4V5W6X,B08K3Y2D5W,5,2023-08-20 09:25:00,REV100345
D1E2F3G4H5I6J,B08K3S6WJS,3.3,2023-06-05 15:30:00,REV100346
M1N2O3P4Q5R6S,B08F2T4L2K,3.3,2023-11-25 16:50:00,REV100347
D1E2F3G4H5I6J,B08JQQ1VD1,4.6,2023-06-01 09:00:00,REV100348
Y1Z2A3B4C5D6E,B08F2T4L2H,3.9,2023-09-10 10:20:00,REV100349
K1L2M3N4O5P6Q,B08HR5SXPS,3.2,2023-07-30 09:25:00,REV100350
H7I8J9K0L1M2N,B08KTZCF4N,3.7,2023-02-01 14:20:00,REV100351
D1E2F3G4H5I6J,B08F2T4L2I,3.4,2023-06-25 14:20:00,REV100352
T1U2V3W4X5Y6Z,B08N5K5D5W,3.9,2023-12-05 11:35:00,REV100353
A1B2C3D4E5F6G,B08F2T4L2K,5,2023-01-25 15:30:00,REV100354
T1U2V3W4X5Y6Z,B08K3Y2D5X,4.5,2023-12-15 14:45:00,REV100355
H7I8J9K0L1M2N,B07W6ZQYJR,4,2023-02-05 11:10:00,REV100356
V9W0X1Y2Z3A4B,B08N5K5D5U,4.9,2023-05-05 13:40:00,REV100357
D1E2F3G4H5I6J,B08HRJV5FR,4.2,2023-06-20 10:45:00,REV100358
R1S2T3U4V5W6X,B08HRJV5FP,4.6,2023-08-01 08:45:00,REV100359
T1U2V3W4X5Y6Z,B08N5K5D5T,5,2023-12-20 09:25:00,REV100360
C5D6E7F8G9H0I,B08PDN2R3C,4.8,2023-05-30 11:35:00,REV100361
C5D6E7F8G9H0I,B08T4Y6HJX,4.9,2023-05-08 18:15:00,REV100362
A1B2C3D4E5F6G,B07PGL8355,4.2,2023-01-16 09:45:00,REV100363
H7I8J9K0L1M2N,B08J8FL9J2,4.3,2023-02-15 13:20:00,REV100364
O3P4Q5R6S7T8U,B07VGRJDFY,2.8,2023-03-30 10:45:00,REV100365
O3P4Q5R6S7T8U,B08HRJV5FQ,4.1,2023-03-25 16:50:00,REV100366
F1G2H3I4J5K6L,B08K3Y2D5V,4,2023-10-05 13:40:00,REV100367
T1U2V3W4X5Y6Z,B08K3Y2D5X,5,2023-12-15 14:45:00,REV100368
K1L2M3N4O5P6Q,B08L3QCZZX,4.6,2023-07-10 19:45:00,REV100369
C5D6E7F8G9H0I,B08CX5JL4D,4,2023-05-15 16:30:00,REV100370
O3P4Q5R6S7T8U,B08BX7FV5L,5,2023-03-18 09:25:00,REV100371
M1N2O3P4Q5R6S,B08K3Y2D5W,5,2023-11-10 19:40:00,REV100372
K1L2M3N4O5P6Q,B08N5K5D5V,5,2023-07-20 11:35:00,REV100373
R1S2T3U4V5W6X,B08N5K5D5T,5,2023-08-10 16:15:00,REV100374
K1L2M3N4O5P6Q,B08N5K5D5V,4.6,2023-07-20 11:35:00,REV100375
H7I8J9K0L1M2N,B08KTZCF4N,4.4,2023-02-28 19:30:00,REV100376
F1G2H3I4J5K6L,B08L8J1G3Z,4.1,2023-10-20 10:45:00,REV100377
Y1Z2A3B4C5D6E,B08F2T4L2H,5,2023-09-10 10:20:00,REV100378
V9W0X1Y2Z3A4B,B07T81554H,3.6,2023-04-25 17:30:00,REV100379
V9W0X1Y2Z3A4B,B08N5LNQCX,2.6,2023-04-28 11:15:00,REV100380
V9W0X1Y2Z3A4B,B07R2W9D3X,2,2023-04-20 19:45:00,REV100381
Y1Z2A3B4C5D6E,B08F2T4L2H,2.9,2023-09-10 10:20:00,REV100382
O3P4Q5R6S7T8U,B07VGRJDFY,2.7,2023-03-30 10:45:00,REV100383
D1E2F3G4H5I6J,B08HRJV5FR,3.6,2023-06-20 10:45:00,REV100384
D1E2F3G4H5I6J,B08JQQ1VD1,5,2023-06-01 09:00:00,REV100385
O3P4Q5R6S7T8U,B08HRJV5FQ,4.2,2023-03-25 16:50:00,REV100386
O3P4Q5R6S7T8U,B07VGRJDFY,3.9,2023-03-30 10:45:00,REV100387
R1S2T3U4V5W6X,B08F2T4L2G,4.5,2023-08-05 12:30:00,REV100388
T1U2V3W4X5Y6Z,B08K3Y2D5X,4.7,2023-12-15 14:45:00,REV100389
Y1Z2A3B4C5D6E,B08F2T4L2H,3.6,2023-09-10 10:20:00,REV100390
F1G2H3I4J5K6L,B08K3Y2D5V,4.2,2023-10-05 13:40:00,REV100391
R1S2T3U4V5W6X,B08N5K5D5T,4.3,2023-08-10 16:15:00,REV100392
D1E2F3G4H5I6J,B08JQQ1VD1,5,2023-06-30 16:50:00,REV100393
D1E2F3G4H5I6J,B08N5K5D5S,5,2023-06-15 17:20:00,REV100394
A1B2C3D4E5F6G,B08HRJV5FT,3.8,2023-01-20 12:15:00,REV100395
R1S2T3U4V5W6X,B08L8J1G3W,2.1,2023-08-15 14:50:00,REV100396
V9W0X1Y2Z3A4B,B08F2T4L2H,3.7,2023-04-30 09:25:00,REV100397
K1L2M3N4O5P6Q,B08HR5SXPS,2.9,2023-07-30 09:25:00,REV100398
C5D6E7F8G9H0I,B08K3Y2D5V,5,2023-05-25 19:30:00,REV100399
A1B2C3D4E5F6G,B07XKF5RM3,4.2,2023-01-17 10:15:00,REV100400
R1S2T3U4V5W6X,B08L8J1G3Q,3.7,2023-08-30 13:40:00,REV100401
M1N2O3P4Q5R6S,B08HRJV5FT,3,2023-11-20 11:35:00,REV100402
O3P4Q5R6S7T8U,B07VGRJDFY,4,2023-03-12 10:15:00,REV100403
M1N2O3P4Q5R6S,B08HRJV5FP,2.8,2023-11-30 10:45:00,REV100404
K1L2M3N4O5P6Q,B08HR5SXPS,4.3,2023-07-01 10:15:00,REV100405
F1G2H3I4J5K6L,B08K3Y2D5X,4.5,2023-10-25 14:20:00,REV100406
K1L2M3N4O5P6Q,B08N5K5D5V,4.9,2023-07-20 11:35:00,REV100407
R1S2T3U4V5W6X,B08HRJV5FP,5,2023-08-01 08:45:00,REV100408
C5D6E7F8G9H0I,B08G1Y9XNK,3.3,2023-05-12 14:45:00,REV100409
M1N2O3P4Q5R6S,B08K3Y2D5W,5,2023-11-10 19:40:00,REV100410
Y1Z2A3B4C5D6E,B08N5K5D5W,4.4,2023-09-25 19:30:00,REV100411
H7I8J9K0L1M2N,B08KTZCF4N,3.2,2023-02-28 19:30:00,REV100412
K1L2M3N4O5P6Q,B08N5K5D5V,5,2023-07-20 11:35:00,REV100413
M1N2O3P4Q5R6S,B08K3Y2D5W,5,2023-11-10 19:40:00,REV100414
K1L2M3N4O5P6Q,B08HR5SXPS,3.6,2023-07-01 10:15:00,REV100415
C5D6E7F8G9H0I,B08CX5JL4D,4.8,2023-05-15 16:30:00,REV100416
T1U2V3W4X5Y6Z,B08K3Y2D5X,5,2023-12-15 14:45:00,REV100417
M1N2O3P4Q5R6S,B08HRJV5FP,3.6,2023-11-30 10:45:00,REV100418
D1E2F3G4H5I6J,B08N5K5D5S,5,2023-06-15 17:20:00,REV100419
O3P4Q5R6S7T8U,B08L5WD9D6,4,2023-03-15 14:50:00,REV100420
V9W0X1Y2Z3A4B,B08F2T4L2H,3.9,2023-04-30 09:25:00,REV100421
K1L2M3N4O5P6Q,B08K3Y2D5T,3.9,2023-07-15 13:20:00,REV100422
M1N2O3P4Q5R6S,B08HRJV5FT,3.5,2023-11-20 11:35:00,REV100423
R1S2T3U4V5W6X,B08K3Y2D5W,5,2023-08-20 09:25:00,REV100424
D1E2F3G4H5I6J,B08HRJV5FR,4.7,2023-06-20 10:45:00,REV100425
H7I8J9K0L1M2N,B08KTZCF4N,2.5,2023-02-01 14:20:00,REV100426
H7I8J9K0L1M2N,B08N5K5D5T,4.3,2023-02-20 10:45:00,REV100427
D1E2F3G4H5I6J,B08JQQ1VD1,5,2023-06-01 09:00:00,REV100428
O3P4Q5R6S7T8U,B08BX7FV5L,4.1,2023-03-18 09:25:00,REV100429
A1B2C3D4E5F6G,B08F2T4L2K,4.4,2023-01-25 15:30:00,REV100430
A1B2C3D4E5F6G,B08N5KWB9H,3,2023-01-18 11:30:00,REV100431
M1N2O3P4Q5R6S,B08L8J1G3Y,3.9,2023-11-05 15:15:00,REV100432
T1U2V3W4X5Y6Z,B08F2T4L2G,5,2023-12-30 14:20:00,REV100433
F1G2H3I4J5K6L,B08K3Y2D5V,4.8,2023-10-05 13:40:00,REV100434
K1L2M3N4O5P6Q,B08HR5SXPS,4,2023-07-01 10:15:00,REV100435
V9W0X1Y2Z3A4B,B07K1J3C23,5,2023-04-22 13:25:00,REV100436
O3P4Q5R6S7T8U,B07VGRJDFY,2.3,2023-03-30 10:45:00,REV100437
R1S2T3U4V5W6X,B08L8J1G3W,2.1,2023-08-15 14:50:00,REV100438
O3P4Q5R6S7T8U,B08L5WD9D6,3,2023-03-15 14:50:00,REV100439
K1L2M3N4O5P6Q,B08N5K5D5V,5,2023-07-20 11:35:00,REV100440
C5D6E7F8G9H0I,B08T4Y6HJX,5,2023-05-08 18:15:00,REV100441
K1L2M3N4O5P6Q,B08L3QCZZX,4,2023-07-10 19:45:00,REV100442
V9W0X1Y2Z3A4B,B08F2T4L2H,3,2023-04-30 09:25:00,REV100443
O3P4Q5R6S7T8U,B08HRJV5FQ,3.3,2023-03-25 16:50:00,REV100444
F1G2H3I4J5K6L,B08K3Y2D5T,4.3,2023-10-30 19:30:00,REV100445
O3P4Q5R6S7T8U,B07VGRJDFY,3.2,2023-03-30 10:45:00,REV100446
D1E2F3G4H5I6J,B08JQQ1VD1,4.5,2023-06-01 09:00:00,REV100447
M1N2O3P4Q5R6S,B08HRJV5FS,3.7,2023-11-15 12:25:00,REV100448
H7I8J9K0L1M2N,B08KTZCF4N,2.5,2023-02-01 14:20:00,REV100449
M1N2O3P4Q5R6S,B08N5K5D5V,3,2023-11-01 10:30:00,REV100450
D1E2F3G4H5I6J,B08HRJV5FR,4.5,2023-06-20 10:45:00,REV100451
O3P4Q5R6S7T8U,B08HRJV5FQ,3.5,2023-03-25 16:50:00,REV100452
H7I8J9K0L1M2N,B08KTZCF4N,4.3,2023-02-28 19:30:00,REV100453
D1E2F3G4H5I6J,B08K3S6WJS,3.7,2023-06-05 15:30:00,REV100454
M1N2O3P4Q5R6S,B08HRJV5FP,2.6,2023-11-30 10:45:00,REV100455
Y1Z2A3B4C5D6E,B08F2T4L2J,2.9,2023-09-20 17:15:00,REV100456
R1S2T3U4V5W6X,B08HRJV5FS,3.5,2023-08-25 13:40:00,REV100457
T1U2V3W4X5Y6Z,B08N5K5D5T,4.7,2023-12-20 09:25:00,REV100458
A1B2C3D4E5F6G,B08N5KWB9H,3.4,2023-01-18 11:30:00,REV100459
Y1Z2A3B4C5D6E,B08F2T4L2J,4,2023-09-20 17:15:00,REV100460
V9W0X1Y2Z3A4B,B07T81554H,4,2023-04-25 17:30:00,REV100461
V9W0X1Y2Z3A4B,B07K1J3C23,4.7,2023-04-30 14:20:00,REV100462
D1E2F3G4H5I6J,B08K3S6WJS,4.1,2023-06-05 15:30:00,REV100463
T1U2V3W4X5Y6Z,B08L8J1G3Z,2.9,2023-12-10 16:20:00,REV100464
Y1Z2A3B4C5D6E,B08L3QCZZX,4.9,2023-09-30 17:15:00,REV100465
T1U2V3W4X5Y6Z,B08N5K5D5W,4.3,2023-12-05 11:35:00,REV100466
V9W0X1Y2Z3A4B,B07K1J3C23,5,2023-04-22 13:25:00,REV100467
A1B2C3D4E5F6G,B08F2T4L2K,4.7,2023-01-25 15:30:00,REV100468
C5D6E7F8G9H0I,B08CX5JL4D,3.7,2023-05-15 16:30:00,REV100469
A1B2C3D4E5F6G,B08F2T4L2K,4.9,2023-01-25 15:30:00,REV100470
Y1Z2A3B4C5D6E,B08K3Y2D5U,2.8,2023-09-01 11:30:00,REV100471
D1E2F3G4H5I6J,B08HRJV5FR,3.2,2023-06-20 10:45:00,REV100472
M1N2O3P4Q5R6S,B08K3Y2D5W,5,2023-11-10 19:40:00,REV100473
K1L2M3N4O5P6Q,B08HR5SXPS,3.8,2023-07-30 09:25:00,REV100474
O3P4Q5R6S7T8U,B08BX7FV5L,4.9,2023-03-18 09:25:00,REV100475
F1G2H3I4J5K6L,B08F2T4L2I,4.3,2023-10-15 14:50:00,REV100476
C5D6E7F8G9H0I,B08CX5JL4D,4.2,2023-05-15 16:30:00,REV100477
F1G2H3I4J5K6L,B08K3Y2D5V,5,2023-10-05 13:40:00,REV100478
A1B2C3D4E5F6G,B07XKF5RM3,5,2023-01-17 10:15:00,REV100479
K1L2M3N4O5P6Q,B08K3Y2D5T,3.9,2023-07-15 13:20:00,REV100480
V9W0X1Y2Z3A4B,B08N5K5D5U,4.5,2023-05-05 13:40:00,REV100481
V9W0X1Y2Z3A4B,B07R2W9D3X,2,2023-04-20 19:45:00,REV100482
C5D6E7F8G9H0I,B08PDN2R3C,4.1,2023-05-30 11:35:00,REV100483
Y1Z2A3B4C5D6E,B08N5K5D5W,4.6,2023-09-25 19:30:00,REV100484
F1G2H3I4J5K6L,B08L8J1G3X,4.3,2023-10-01 09:15:00,REV100485
A1B2C3D4E5F6G,B08HRJV5FT,3.7,2023-01-20 12:15:00,REV100486
Y1Z2A3B4C5D6E,B08N5K5D5W,4.5,2023-09-25 19:30:00,REV100487
Y1Z2A3B4C5D6E,B08N5K5D5U,3.8,2023-09-15 17:35:00,REV100488
O3P4Q5R6S7T8U,B08HRJV5FQ,4.4,2023-03-25 16:50:00,REV100489
K1L2M3N4O5P6Q,B08L8J1G3Q,3,2023-07-05 14:30:00,REV100490
O3P4Q5R6S7T8U,B07VGRJDFY,3.7,2023-03-30 10:45:00,REV100491
T1U2V3W4X5Y6Z,B08L8J1G3W,4,2023-12-25 13:40:00,REV100492
F1G2H3I4J5K6L,B08F2T4L2I,3.6,2023-10-15 14:50:00,REV100493
M1N2O3P4Q5R6S,B08K3Y2D5W,5,2023-11-10 19:40:00,REV100494
D1E2F3G4H5I6J,B08K3S6WJS,4.3,2023-06-05 15:30:00,REV100495
C5D6E7F8G9H0I,B08CX5JL4D,3.5,2023-05-15 16:30:00,REV100496
H7I8J9K0L1M2N,B08J8FL9J2,3.9,2023-02-15 13:20:00,REV100497
R1S2T3U4V5W6X,B08HRJV5FP,4.6,2023-08-01 08:45:00,REV100498
F1G2H3I4J5K6L,B08F2T4L2I,3.3,2023-10-15 14:50:00,REV100499
R1S2T3U4V5W6X,B08F2T4L2G,4.5,2023-08-05 12:30:00,REV100500
Y1Z2A3B4C5D6E,B08L3QCZZX,5,2023-09-30 17:15:00,REV100501
T1U2V3W4X5Y6Z,B08F2T4L2G,4.3,2023-12-30 14:20:00,REV100502
V9W0X1Y2Z3A4B,B08F2T4L2H,3.3,2023-04-30 09:25:00,REV100503
V9W0X1Y2Z3A4B,B08N5LNQCX,2.7,2023-04-28 11:15:00,REV100504
T1U2V3W4X5Y6Z,B08N5K5D5W,3.8,2023-12-05 11:35:00,REV100505
K1L2M3N4O5P6Q,B08L8J1G3Y,3.7,2023-07-25 16:50:00,REV100506
H7I8J9K0L1M2N,B08H95Y452,4.6,2023-02-10 16:45:00,REV100507
R1S2T3U4V5W6X,B08L8J1G3Q,4,2023-08-30 13:40:00,REV100508
T1U2V3W4X5Y6Z,B08F2T4L2J,4.6,2023-12-01 08:50:00,REV100509
D1E2F3G4H5I6J,B08HRJV5FR,4.1,2023-06-20 10:45:00,REV100510
V9W0X1Y2Z3A4B,B08N5K5D5U,5,2023-05-05 13:40:00,REV100511
T1U2V3W4X5Y6Z,B08K3Y2D5X,4.9,2023-12-15 14:45:00,REV100512
K1L2M3N4O5P6Q,B08L3QCZZX,4.5,2023-07-10 19:45:00,REV100513
O3P4Q5R6S7T8U,B08K3Y2D5U,4.7,2023-03-20 11:35:00,REV100514
A1B2C3D4E5F6G,B07W6ZQYJR,5,2023-01-30 17:15:00,REV100515
Y1Z2A3B4C5D6E,B08F2T4L2H,4.3,2023-09-10 10:20:00,REV100516
H7I8J9K0L1M2N,B08N5K5D5T,3.5,2023-02-20 10:45:00,REV100517
T1U2V3W4X5Y6Z,B08F2T4L2G,5,2023-12-30 14:20:00,REV100518
F1G2H3I4J5K6L,B08L8J1G3X,5,2023-10-01 09:15:00,REV100519
Y1Z2A3B4C5D6E,B08L3QCZZX,4.2,2023-09-30 17:15:00,REV100520
C5D6E7F8G9H0I,B08L8J1G3X,4.3,2023-05-20 17:15:00,REV100521
H7I8J9K0L1M2N,B08J8FL9J2,3.7,2023-02-15 13:20:00,REV100522
K1L2M3N4O5P6Q,B08HR5SXPS,3.3,2023-07-30 09:25:00,REV100523
C5D6E7F8G9H0I,B08CX5JL4D,3.6,2023-05-15 16:30:00,REV100524
O3P4Q5R6S7T8U,B08K3Y2D5U,4.1,2023-03-20 11:35:00,REV100525
O3P4Q5R6S7T8U,B08BX7FV5L,4.2,2023-03-18 09:25:00,REV100526
A1B2C3D4E5F6G,B08HRJV5FT,4,2023-01-20 12:15:00,REV100527
C5D6E7F8G9H0I,B08PDN2R3C,4.1,2023-05-05 20:30:00,REV100528
R1S2T3U4V5W6X,B08HRJV5FS,3.5,2023-08-25 13:40:00,REV100529
M1N2O3P4Q5R6S,B08L8J1G3Y,4.3,2023-11-05 15:15:00,REV100530
R1S2T3U4V5W6X,B08HRJV5FP,4.2,2023-08-01 08:45:00,REV100531
C5D6E7F8G9H0I,B08G1Y9XNK,3,2023-05-12 14:45:00,REV100532
O3P4Q5R6S7T8U,B08L5WD9D6,2.4,2023-03-15 14:50:00,REV100533
A1B2C3D4E5F6G,B08F2T4L2K,4.7,2023-01-25 15:30:00,REV100534
T1U2V3W4X5Y6Z,B08N5K5D5T,5,2023-12-20 09:25:00,REV100535
C5D6E7F8G9H0I,B08K3Y2D5V,4.6,2023-05-25 19:30:00,REV100536
Y1Z2A3B4C5D6E,B08HRJV5FQ,4.8,2023-09-05 15:45:00,REV100537
C5D6E7F8G9H0I,B08CX5JL4D,4.5,2023-05-15 16:30:00,REV100538
A1B2C3D4E5F6G,B08F2T4L2K,4.7,2023-01-25 15:30:00,REV100539
O3P4Q5R6S7T8U,B07VGRJDFY,4.4,2023-03-12 10:15:00,REV100540
R1S2T3U4V5W6X,B08L8J1G3W,2.4,2023-08-15 14:50:00,REV100541
H7I8J9K0L1M2N,B08L8J1G3W,3.3,2023-02-25 14:20:00,REV100542
V9W0X1Y2Z3A4B,B07T81554H,4.7,2023-04-25 17:30:00,REV100543
T1U2V3W4X5Y6Z,B08F2T4L2G,3.8,2023-12-30 14:20:00,REV100544
A1B2C3D4E5F6G,B07XKF5RM3,4.6,2023-01-17 10:15:00,REV100545
F1G2H3I4J5K6L,B08L8J1G3X,5,2023-10-01 09:15:00,REV100546
F1G2H3I4J5K6L,B08F2T4L2I,3.9,2023-10-15 14:50:00,REV100547
T1U2V3W4X5Y6Z,B08L8J1G3W,4.2,2023-12-25 13:40:00,REV100548
F1G2H3I4J5K6L,B08F2T4L2I,3.7,2023-10-15 14:50:00,REV100549
V9W0X1Y2Z3A4B,B08N5K5D5U,5,2023-05-05 13:40:00,REV100550
D1E2F3G4H5I6J,B08F7H7J9V,2.9,2023-06-10 11:45:00,REV100551
O3P4Q5R6S7T8U,B08L5WD9D6,3.6,2023-03-15 14:50:00,REV100552
R1S2T3U4V5W6X,B08HRJV5FS,4.1,2023-08-25 13:40:00,REV100553
H7I8J9K0L1M2N,B08J8FL9J2,4.2,2023-02-15 13:20:00,REV100554
V9W0X1Y2Z3A4B,B08N5K5D5U,4.8,2023-05-05 13:40:00,REV100555
D1E2F3G4H5I6J,B08F2T4L2I,2.8,2023-06-25 14:20:00,REV100556
O3P4Q5R6S7T8U,B07VGRJDFY,3.8,2023-03-12 10:15:00,REV100557
F1G2H3I4J5K6L,B08HRJV5FR,5,2023-10-10 18:25:00,REV100558
K1L2M3N4O5P6Q,B08K3Y2D5T,3.8,2023-07-15 13:20:00,REV100559
A1B2C3D4E5F6G,B08HRJV5FT,4.1,2023-01-20 12:15:00,REV100560
Y1Z2A3B4C5D6E,B08N5K5D5U,4,2023-09-15 17:35:00,REV100561
V9W0X1Y2Z3A4B,B07R2W9D3X,2.4,2023-04-20 19:45:00,REV100562
Y1Z2A3B4C5D6E,B08N5K5D5U,2.8,2023-09-15 17:35:00,REV100563
K1L2M3N4O5P6Q,B08L8J1G3Q,3.6,2023-07-05 14:30:00,REV100564
A1B2C3D4E5F6G,B08N5KWB9H,3.8,2023-01-18 11:30:00,REV100565
F1G2H3I4J5K6L,B08K3Y2D5T,3,2023-10-30 19:30:00,REV100566
R1S2T3U4V5W6X,B08HRJV5FS,3.5,2023-08-25 13:40:00,REV100567
F1G2H3I4J5K6L,B08K3Y2D5V,3.1,2023-10-05 13:40:00,REV100568
D1E2F3G4H5I6J,B08K3S6WJS,3.8,2023-06-05 15:30:00,REV100569
A1B2C3D4E5F6G,B07PGL8355,4,2023-01-16 09:45:00,REV100570
R1S2T3U4V5W6X,B08N5K5D5T,5,2023-08-10 16:15:00,REV100571
O3P4Q5R6S7T8U,B08L5WD9D6,3.2,2023-03-15 14:50:00,REV100572
T1U2V3W4X5Y6Z,B08N5K5D5W,3.9,2023-12-05 11:35:00,REV100573
K1L2M3N4O5P6Q,B08L8J1G3Y,4.4,2023-07-25 16:50:00,REV100574
M1N2O3P4Q5R6S,B08HRJV5FT,2,2023-11-20 11:35:00,REV100575
R1S2T3U4V5W6X,B08HRJV5FS,4.1,2023-08-25 13:40:00,REV100576
O3P4Q5R6S7T8U,B07VGRJDFY,4.4,2023-03-12 10:15:00,REV100577
F1G2H3I4J5K6L,B08F2T4L2I,3.3,2023-10-15 14:50:00,REV100578
D1E2F3G4H5I6J,B08N5K5D5S,5,2023-06-15 17:20:00,REV100579
M1N2O3P4Q5R6S,B08HRJV5FS,4.2,2023-11-15 12:25:00,REV100580
D1E2F3G4H5I6J,B08F2T4L2I,2.8,2023-06-25 14:20:00,REV100581
K1L2M3N4O5P6Q,B08L8J1G3Y,4.3,2023-07-25 16:50:00,REV100582
C5D6E7F8G9H0I,B08PDN2R3C,5,2023-05-05 20:30:00,REV100583
Y1Z2A3B4C5D6E,B08F2T4L2J,3.1,2023-09-20 17:15:00,REV100584
C5D6E7F8G9H0I,B08L8J1G3X,4.1,2023-05-20 17:15:00,REV100585
V9W0X1Y2Z3A4B,B08F2T4L2H,2.8,2023-04-30 09:25:00,REV100586
O3P4Q5R6S7T8U,B08K3Y2D5U,4.6,2023-03-20 11:35:00,REV100587
V9W0X1Y2Z3A4B,B08N5K5D5U,5,2023-05-05 13:40:00,REV100588
O3P4Q5R6S7T8U,B08FC5L3RG,4.6,2023-03-10 16:30:00,REV100589
D1E2F3G4H5I6J,B08K3S6WJS,4,2023-06-05 15:30:00,REV100590
V9W0X1Y2Z3A4B,B07R2W9D3X,2,2023-04-20 19:45:00,REV100591
T1U2V3W4X5Y6Z,B08K3Y2D5X,5,2023-12-15 14:45:00,REV100592
C5D6E7F8G9H0I,B08T4Y6HJX,5,2023-05-08 18:15:00,REV100593
V9W0X1Y2Z3A4B,B07K1J3C23,5,2023-04-30 14:20:00,REV100594
F1G2H3I4J5K6L,B08F2T4L2I,3.7,2023-10-15 14:50:00,REV100595
C5D6E7F8G9H0I,B08PDN2R3C,3.9,2023-05-05 20:30:00,REV100596
V9W0X1Y2Z3A4B,B07T81554H,3.5,2023-04-25 17:30:00,REV100597
V9W0X1Y2Z3A4B,B07T81554H,3.8,2023-04-25 17:30:00,REV100598
K1L2M3N4O5P6Q,B08HR5SXPS,3.2,2023-07-30 09:25:00,REV100599
R1S2T3U4V5W6X,B08K3Y2D5W,5,2023-08-20 09:25:00,REV100600
F1G2H3I4J5K6L,B08HRJV5FR,4.5,2023-10-10 18:25:00,REV100601
V9W0X1Y2Z3A4B,B07R2W9D3X,2.4,2023-04-20 19:45:00,REV100602
Y1Z2A3B4C5D6E,B08L3QCZZX,5,2023-09-30 17:15:00,REV100603
R1S2T3U4V5W6X,B08L8J1G3W,3.2,2023-08-15 14:50:00,REV100604
O3P4Q5R6S7T8U,B08FC5L3RG,5,2023-03-10 16:30:00,REV100605
F1G2H3I4J5K6L,B08F2T4L2I,3.6,2023-10-15 14:50:00,REV100606
C5D6E7F8G9H0I,B08CX5JL4D,3.4,2023-05-15 16:30:00,REV100607
F1G2H3I4J5K6L,B08K3Y2D5T,3.1,2023-10-30 19:30:00,REV100608
C5D6E7F8G9H0I,B08PDN2R3C,4.7,2023-05-30 11:35:00,REV100609
R1S2T3U4V5W6X,B08L8J1G3Q,4.3,2023-08-30 13:40:00,REV100610
A1B2C3D4E5F6G,B07W6ZQYJR,5,2023-01-30 17:15:00,REV100611
R1S2T3U4V5W6X,B08K3Y2D5W,5,2023-08-20 09:25:00,REV100612
V9W0X1Y2Z3A4B,B07K1J3C23,4.4,2023-04-30 14:20:00,REV100613
M1N2O3P4Q5R6S,B08HRJV5FS,5,2023-11-15 12:25:00,REV100614
F1G2H3I4J5K6L,B08K3Y2D5V,4.1,2023-10-05 13:40:00,REV100615
M1N2O3P4Q5R6S,B08HRJV5FP,3.1,2023-11-30 10:45:00,REV100616
D1E2F3G4H5I6J,B08F2T4L2I,3.4,2023-06-25 14:20:00,REV100617
T1U2V3W4X5Y6Z,B08N5K5D5T,5,2023-12-20 09:25:00,REV100618
T1U2V3W4X5Y6Z,B08K3Y2D5X,5,2023-12-15 14:45:00,REV100619
C5D6E7F8G9H0I,B08T4Y6HJX,4.6,2023-05-08 18:15:00,REV100620
V9W0X1Y2Z3A4B,B08N5LNQCX,3.2,2023-04-28 11:15:00,REV100621
V9W0X1Y2Z3A4B,B08F2T4L2H,3.9,2023-04-30 09:25:00,REV100622
F1G2H3I4J5K6L,B08HRJV5FR,5,2023-10-10 18:25:00,REV100623
F1G2H3I4J5K6L,B08K3Y2D5X,5,2023-10-25 14:20:00,REV100624
D1E2F3G4H5I6J,B08HRJV5FR,3.7,2023-06-20 10:45:00,REV100625
K1L2M3N4O5P6Q,B08L8J1G3Y,3.5,2023-07-25 16:50:00,REV100626
V9W0X1Y2Z3A4B,B07R2W9D3X,2,2023-04-20 19:45:00,REV100627
Y1Z2A3B4C5D6E,B08L3QCZZX,5,2023-09-30 17:15:00,REV100628
H7I8J9K0L1M2N,B07W6ZQYJR,4.5,2023-02-05 11:10:00,REV100629
M1N2O3P4Q5R6S,B08HRJV5FP,2.2,2023-11-30 10:45:00,REV100630
C5D6E7F8G9H0I,B08PDN2R3C,4.8,2023-05-30 11:35:00,REV100631
D1E2F3G4H5I6J,B08F2T4L2I,2.9,2023-06-25 14:20:00,REV100632
V9W0X1Y2Z3A4B,B07K1J3C23,4.8,2023-04-22 13:25:00,REV100633
O3P4Q5R6S7T8U,B08HRJV5FQ,3.5,2023-03-25 16:50:00,REV100634
A1B2C3D4E5F6G,B08N5KWB9H,3.2,2023-01-18 11:30:00,REV100635
F1G2H3I4J5K6L,B08HRJV5FR,5,2023-10-10 18:25:00,REV100636
T1U2V3W4X5Y6Z,B08L8J1G3W,4,2023-12-25 13:40:00,REV100637
K1L2M3N4O5P6Q,B08HR5SXPS,3.4,2023-07-01 10:15:00,REV100638
C5D6E7F8G9H0I,B08PDN2R3C,3.4,2023-05-30 11:35:00,REV100639
R1S2T3U4V5W6X,B08L8J1G3W,2.8,2023-08-15 14:50:00,REV100640
D1E2F3G4H5I6J,B08HRJV5FR,4.8,2023-06-20 10:45:00,REV100641
R1S2T3U4V5W6X,B08K3Y2D5W,4.9,2023-08-20 09:25:00,REV100642
F1G2H3I4J5K6L,B08K3Y2D5V,3.2,2023-10-05 13:40:00,REV100643
O3P4Q5R6S7T8U,B08K3Y2D5U,4.9,2023-03-20 11:35:00,REV100644
F1G2H3I4J5K6L,B08L8J1G3Z,3.9,2023-10-20 10:45:00,REV100645
K1L2M3N4O5P6Q,B08K3Y2D5T,2.7,2023-07-15 13:20:00,REV100646
A1B2C3D4E5F6G,B07XKF5RM3,5,2023-01-17 10:15:00,REV100647
R1S2T3U4V5W6X,B08L8J1G3Q,3.9,2023-08-30 13:40:00,REV100648
D1E2F3G4H5I6J,B08K3S6WJS,4.3,2023-06-05 15:30:00,REV100649
F1G2H3I4J5K6L,B08K3Y2D5V,4.9,2023-10-05 13:40:00,REV100650
T1U2V3W4X5Y6Z,B08L8J1G3W,4.6,2023-12-25 13:40:00,REV100651
T1U2V3W4X5Y6Z,B08L8J1G3W,3.9,2023-12-25 13:40:00,REV100652
K1L2M3N4O5P6Q,B08L8J1G3Y,3.4,2023-07-25 16:50:00,REV100653
C5D6E7F8G9H0I,B08L8J1G3X,5,2023-05-20 17:15:00,REV100654
H7I8J9K0L1M2N,B07W6ZQYJR,4,2023-02-05 11:10:00,REV100655
D1E2F3G4H5I6J,B08JQQ1VD1,5,2023-06-30 16:50:00,REV100656
R1S2T3U4V5W6X,B08L8J1G3W,3,2023-08-15 14:50:00,REV100657
O3P4Q5R6S7T8U,B07VGRJDFY,4.1,2023-03-12 10:15:00,REV100658
A1B2C3D4E5F6G,B07XKF5RM3,4.9,2023-01-17 10:15:00,REV100659
D1E2F3G4H5I6J,B08HRJV5FR,3.7,2023-06-20 10:45:00,REV100660
V9W0X1Y2Z3A4B,B07K1J3C23,4.7,2023-04-30 14:20:00,REV100661
A1B2C3D4E5F6G,B08HRJV5FT,4,2023-01-20 12:15:00,REV100662
D1E2F3G4H5I6J,B08HRJV5FR,3.7,2023-06-20 10:45:00,REV100663
R1S2T3U4V5W6X,B08N5K5D5T,4.6,2023-08-10 16:15:00,REV100664
M1N2O3P4Q5R6S,B08HRJV5FT,3.1,2023-11-20 11:35:00,REV100665
K1L2M3N4O5P6Q,B08L8J1G3Y,3.9,2023-07-25 16:50:00,REV100666
H7I8J9K0L1M2N,B08L8J1G3W,3.8,2023-02-25 14:20:00,REV100667
M1N2O3P4Q5R6S,B08N5K5D5V,2,2023-11-01 10:30:00,REV100668
R1S2T3U4V5W6X,B08N5K5D5T,5,2023-08-10 16:15:00,REV100669
T1U2V3W4X5Y6Z,B08F2T4L2G,5,2023-12-30 14:20:00,REV100670
D1E2F3G4H5I6J,B08K3S6WJS,3,2023-06-05 15:30:00,REV100671
A1B2C3D4E5F6G,B08N5KWB9H,3.8,2023-01-18 11:30:00,REV100672
V9W0X1Y2Z3A4B,B07R2W9D3X,2,2023-04-20 19:45:00,REV100673
T1U2V3W4X5Y6Z,B08F2T4L2J,4.3,2023-12-01 08:50:00,REV100674
M1N2O3P4Q5R6S,B08L8J1G3Y,3.6,2023-11-05 15:15:00,REV100675
A1B2C3D4E5F6G,B08HRJV5FT,3.4,2023-01-20 12:15:00,REV100676
C5D6E7F8G9H0I,B08CX5JL4D,4.9,2023-05-15 16:30:00,REV100677
C5D6E7F8G9H0I,B08PDN2R3C,4.5,2023-05-30 11:35:00,REV100678
Y1Z2A3B4C5D6E,B08L3QCZZX,5,2023-09-30 17:15:00,REV100679
O3P4Q5R6S7T8U,B08HRJV5FQ,4.4,2023-03-25 16:50:00,REV100680
Y1Z2A3B4C5D6E,B08N5K5D5U,2.4,2023-09-15 17:35:00,REV100681
A1B2C3D4E5F6G,B01LYEEFVH,4.7,2023-01-15 08:30:00,REV100682
V9W0X1Y2Z3A4B,B07T81554H,4.2,2023-04-25 17:30:00,REV100683
C5D6E7F8G9H0I,B08PDN2R3C,3.4,2023-05-30 11:35:00,REV100684
C5D6E7F8G9H0I,B08PDN2R3C,4.4,2023-05-05 20:30:00,REV100685
D1E2F3G4H5I6J,B08N5K5D5S,4.9,2023-06-15 17:20:00,REV100686
C5D6E7F8G9H0I,B08K3Y2D5V,4.8,2023-05-25 19:30:00,REV100687
T1U2V3W4X5Y6Z,B08L8J1G3W,4.4,2023-12-25 13:40:00,REV100688
D1E2F3G4H5I6J,B08F7H7J9V,3.2,2023-06-10 11:45:00,REV100689
T1U2V3W4X5Y6Z,B08N5K5D5W,3.8,2023-12-05 11:35:00,REV100690
T1U2V3W4X5Y6Z,B08L8J1G3W,4.6,2023-12-25 13:40:00,REV100691
H7I8J9K0L1M2N,B08J8FL9J2,3.5,2023-02-15 13:20:00,REV100692
D1E2F3G4H5I6J,B08HRJV5FR,4.3,2023-06-20 10:45:00,REV100693
D1E2F3G4H5I6J,B08HRJV5FR,4.3,2023-06-20 10:45:00,REV100694
V9W0X1Y2Z3A4B,B07R2W9D3X,2,2023-04-20 19:45:00,REV100695
F1G2H3I4J5K6L,B08HRJV5FR,5,2023-10-10 18:25:00,REV100696
K1L2M3N4O5P6Q,B08K3Y2D5T,3.4,2023-07-15 13:20:00,REV100697
K1L2M3N4O5P6Q,B08N5K5D5V,5,2023-07-20 11:35:00,REV100698
V9W0X1Y2Z3A4B,B08N5LNQCX,2.9,2023-04-28 11:15:00,REV100699
A1B2C3D4E5F6G,B07PGL8355,3.7,2023-01-16 09:45:00,REV100700
F1G2H3I4J5K6L,B08K3Y2D5T,4.5,2023-10-30 19:30:00,REV100701
C5D6E7F8G9H0I,B08PDN2R3C,3.6,2023-05-05 20:30:00,REV100702
R1S2T3U4V5W6X,B08F2T4L2G,3.3,2023-08-05 12:30:00,REV100703
V9W0X1Y2Z3A4B,B07R2W9D3X,2,2023-04-20 19:45:00,REV100704
F1G2H3I4J5K6L,B08K3Y2D5T,4.3,2023-10-30 19:30:00,REV100705
V9W0X1Y2Z3A4B,B07R2W9D3X,2,2023-04-20 19:45:00,REV100706
M1N2O3P4Q5R6S,B08K3Y2D5W,5,2023-11-10 19:40:00,REV100707
D1E2F3G4H5I6J,B08JQQ1VD1,4,2023-06-01 09:00:00,REV100708
V9W0X1Y2Z3A4B,B08F2T4L2H,3.8,2023-04-30 09:25:00,REV100709
Y1Z2A3B4C5D6E,B08L3QCZZX,5,2023-09-30 17:15:00,REV100710
F1G2H3I4J5K6L,B08F2T4L2I,4,2023-10-15 14:50:00,REV100711
M1N2O3P4Q5R6S,B08HRJV5FP,2.7,2023-11-30 10:45:00,REV100712
V9W0X1Y2Z3A4B,B07T81554H,4.2,2023-04-25 17:30:00,REV100713
A1B2C3D4E5F6G,B07W6ZQYJR,5,2023-01-30 17:15:00,REV100714
H7I8J9K0L1M2N,B08L8J1G3W,3.6,2023-02-25 14:20:00,REV100715
H7I8J9K0L1M2N,B08KTZCF4N,4.1,2023-02-28 19:30:00,REV100716
O3P4Q5R6S7T8U,B08K3Y2D5U,5,2023-03-20 11:35:00,REV100717
H7I8J9K0L1M2N,B08L8J1G3W,2.8,2023-02-25 14:20:00,REV100718
R1S2T3U4V5W6X,B08F2T4L2G,4,2023-08-05 12:30:00,REV100719
Y1Z2A3B4C5D6E,B08K3Y2D5U,4.2,2023-09-01 11:30:00,REV100720
C5D6E7F8G9H0I,B08L8J1G3X,3.1,2023-05-20 17:15:00,REV100721
H7I8J9K0L1M2N,B08L8J1G3W,2.3,2023-02-25 14:20:00,REV100722
O3P4Q5R6S7T8U,B08FC5L3RG,5,2023-03-10 16:30:00,REV100723
O3P4Q5R6S7T8U,B08HRJV5FQ,4.1,2023-03-25 16:50:00,REV100724
A1B2C3D4E5F6G,B01LYEEFVH,4.9,2023-01-15 08:30:00,REV100725
M1N2O3P4Q5R6S,B08HRJV5FS,4,2023-11-15 12:25:00,REV100726
O3P4Q5R6S7T8U,B07VGRJDFY,3.2,2023-03-30 10:45:00,REV100727
R1S2T3U4V5W6X,B08L8J1G3Q,3.7,2023-08-30 13:40:00,REV100728
O3P4Q5R6S7T8U,B08FC5L3RG,4.6,2023-03-10 16:30:00,REV100729
R1S2T3U4V5W6X,B08L8J1G3W,3.1,2023-08-15 14:50:00,REV100730
V9W0X1Y2Z3A4B,B07T81554H,3.5,2023-04-25 17:30:00,REV100731
O3P4Q5R6S7T8U,B08BX7FV5L,5,2023-03-18 09:25:00,REV100732
D1E2F3G4H5I6J,B08JQQ1VD1,4.1,2023-06-30 16:50:00,REV100733
C5D6E7F8G9H0I,B08L8J1G3X,4.5,2023-05-20 17:15:00,REV100734
H7I8J9K0L1M2N,B08J8FL9J2,4.2,2023-02-15 13:20:00,REV100735
T1U2V3W4X5Y6Z,B08L8J1G3W,4.1,2023-12-25 13:40:00,REV100736
K1L2M3N4O5P6Q,B08L3QCZZX,5,2023-07-10 19:45:00,REV100737
K1L2M3N4O5P6Q,B08L8J1G3Y,4.8,2023-07-25 16:50:00,REV100738
O3P4Q5R6S7T8U,B08BX7FV5L,5,2023-03-18 09:25:00,REV100739
Y1Z2A3B4C5D6E,B08F2T4L2J,2.1,2023-09-20 17:15:00,REV100740
M1N2O3P4Q5R6S,B08L8J1G3Y,3.4,2023-11-05 15:15:00,REV100741
K1L2M3N4O5P6Q,B08L8J1G3Y,3.7,2023-07-25 16:50:00,REV100742
O3P4Q5R6S7T8U,B08L5WD9D6,3,2023-03-15 14:50:00,REV100743
M1N2O3P4Q5R6S,B08K3Y2D5W,5,2023-11-10 19:40:00,REV100744
C5D6E7F8G9H0I,B08PDN2R3C,3.6,2023-05-05 20:30:00,REV100745
R1S2T3U4V5W6X,B08L8J1G3W,3.1,2023-08-15 14:50:00,REV100746
F1G2H3I4J5K6L,B08F2T4L2I,3.6,2023-10-15 14:50:00,REV100747
D1E2F3G4H5I6J,B08F7H7J9V,2.7,2023-06-10 11:45:00,REV100748
V9W0X1Y2Z3A4B,B08N5K5D5U,4.3,2023-05-05 13:40:00,REV100749
H7I8J9K0L1M2N,B07W6ZQYJR,3.5,2023-02-05 11:10:00,REV100750
A1B2C3D4E5F6G,B08F2T4L2K,4.3,2023-01-25 15:30:00,REV100751
F1G2H3I4J5K6L,B08L8J1G3X,4.5,2023-10-01 09:15:00,REV100752
R1S2T3U4V5W6X,B08HRJV5FS,4.5,2023-08-25 13:40:00,REV100753
O3P4Q5R6S7T8U,B08HRJV5FQ,3.5,2023-03-25 16:50:00,REV100754
T1U2V3W4X5Y6Z,B08L8J1G3W,5,2023-12-25 13:40:00,REV100755
A1B2C3D4E5F6G,B08HRJV5FT,4.2,2023-01-20 12:15:00,REV100756
O3P4Q5R6S7T8U,B08L5WD9D6,3.1,2023-03-15 14:50:00,REV100757
A1B2C3D4E5F6G,B08HRJV5FT,3.6,2023-01-20 12:15:00,REV100758
D1E2F3G4H5I6J,B08JQQ1VD1,5,2023-06-01 09:00:00,REV100759
Y1Z2A3B4C5D6E,B08N5K5D5W,4.7,2023-09-25 19:30:00,REV100760
R1S2T3U4V5W6X,B08K3Y2D5W,5,2023-08-20 09:25:00,REV100761
M1N2O3P4Q5R6S,B08HRJV5FP,4.3,2023-11-30 10:45:00,REV100762
K1L2M3N4O5P6Q,B08K3Y2D5T,4,2023-07-15 13:20:00,REV100763
C5D6E7F8G9H0I,B08PDN2R3C,4.6,2023-05-05 20:30:00,REV100764
H7I8J9K0L1M2N,B07W6ZQYJR,3.6,2023-02-05 11:10:00,REV100765
C5D6E7F8G9H0I,B08G1Y9XNK,3,2023-05-12 14:45:00,REV100766
V9W0X1Y2Z3A4B,B08N5K5D5U,5,2023-05-05 13:40:00,REV100767
K1L2M3N4O5P6Q,B08K3Y2D5T,3.7,2023-07-15 13:20:00,REV100768
Y1Z2A3B4C5D6E,B08N5K5D5W,5,2023-09-25 19:30:00,REV100769
F1G2H3I4J5K6L,B08K3Y2D5V,4.4,2023-10-05 13:40:00,REV100770
F1G2H3I4J5K6L,B08L8J1G3X,4.7,2023-10-01 09:15:00,REV100771
F1G2H3I4J5K6L,B08K3Y2D5X,5,2023-10-25 14:20:00,REV100772
A1B2C3D4E5F6G,B08HRJV5FT,4.5,2023-01-20 12:15:00,REV100773
M1N2O3P4Q5R6S,B08K3Y2D5W,5,2023-11-10 19:40:00,REV100774
Y1Z2A3B4C5D6E,B08N5K5D5U,2.2,2023-09-15 17:35:00,REV100775
C5D6E7F8G9H0I,B08K3Y2D5V,4.6,2023-05-25 19:30:00,REV100776
V9W0X1Y2Z3A4B,B07R2W9D3X,2,2023-04-20 19:45:00,REV100777
H7I8J9K0L1M2N,B08L8J1G3W,3,2023-02-25 14:20:00,REV100778
C5D6E7F8G9H0I,B08K3Y2D5V,5,2023-05-25 19:30:00,REV100779
R1S2T3U4V5W6X,B08L8J1G3W,3.1,2023-08-15 14:50:00,REV100780
Y1Z2A3B4C5D6E,B08L3QCZZX,4.3,2023-09-30 17:15:00,REV100781
D1E2F3G4H5I6J,B08F2T4L2I,3.2,2023-06-25 14:20:00,REV100782
M1N2O3P4Q5R6S,B08HRJV5FP,3.3,2023-11-30 10:45:00,REV100783
C5D6E7F8G9H0I,B08K3Y2D5V,5,2023-05-25 19:30:00,REV100784
V9W0X1Y2Z3A4B,B08N5K5D5U,5,2023-05-05 13:40:00,REV100785
K1L2M3N4O5P6Q,B08K3Y2D5T,4.4,2023-07-15 13:20:00,REV100786
A1B2C3D4E5F6G,B01LYEEFVH,5,2023-01-15 08:30:00,REV100787
M1N2O3P4Q5R6S,B08L8J1G3Y,4,2023-11-05 15:15:00,REV100788
F1G2H3I4J5K6L,B08K3Y2D5T,3.2,2023-10-30 19:30:00,REV100789
T1U2V3W4X5Y6Z,B08K3Y2D5X,5,2023-12-15 14:45:00,REV100790
F1G2H3I4J5K6L,B08F2T4L2I,4.1,2023-10-15 14:50:00,REV100791
R1S2T3U4V5W6X,B08K3Y2D5W,5,2023-08-20 09:25:00,REV100792
V9W0X1Y2Z3A4B,B07K1J3C23,4.4,2023-04-30 14:20:00,REV100793
T1U2V3W4X5Y6Z,B08L8J1G3W,3.5,2023-12-25 13:40:00,REV100794
R1S2T3U4V5W6X,B08L8J1G3Q,4.5,2023-08-30 13:40:00,REV100795
A1B2C3D4E5F6G,B08N5KWB9H,4,2023-01-18 11:30:00,REV100796
F1G2H3I4J5K6L,B08K3Y2D5V,4.3,2023-10-05 13:40:00,REV100797
K1L2M3N4O5P6Q,B08L3QCZZX,5,2023-07-10 19:45:00,REV100798
O3P4Q5R6S7T8U,B08FC5L3RG,5,2023-03-10 16:30:00,REV100799
V9W0X1Y2Z3A4B,B08N5LNQCX,3.5,2023-04-28 11:15:00,REV100800
V9W0X1Y2Z3A4B,B08N5K5D5U,4.7,2023-05-05 13:40:00,REV100801
V9W0X1Y2Z3A4B,B07K1J3C23,5,2023-04-30 14:20:00,REV100802
R1S2T3U4V5W6X,B08N5K5D5T,4.8,2023-08-10 16:15:00,REV100803
V9W0X1Y2Z3A4B,B07K1J3C23,4.8,2023-04-22 13:25:00,REV100804
K1L2M3N4O5P6Q,B08HR5SXPS,3.8,2023-07-01 10:15:00,REV100805
Y1Z2A3B4C5D6E,B08HRJV5FQ,5,2023-09-05 15:45:00,REV100806
F1G2H3I4J5K6L,B08L8J1G3Z,3.8,2023-10-20 10:45:00,REV100807
D1E2F3G4H5I6J,B08N5K5D5S,5,2023-06-15 17:20:00,REV100808
A1B2C3D4E5F6G,B07W6ZQYJR,4.6,2023-01-30 17:15:00,REV100809
K1L2M3N4O5P6Q,B08L8J1G3Q,2.9,2023-07-05 14:30:00,REV100810
C5D6E7F8G9H0I,B08CX5JL4D,3.8,2023-05-15 16:30:00,REV100811
R1S2T3U4V5W6X,B08HRJV5FS,4.7,2023-08-25 13:40:00,REV100812
O3P4Q5R6S7T8U,B07VGRJDFY,4.1,2023-03-12 10:15:00,REV100813
M1N2O3P4Q5R6S,B08HRJV5FP,3.5,2023-11-30 10:45:00,REV100814
F1G2H3I4J5K6L,B08L8J1G3Z,3.3,2023-10-20 10:45:00,REV100815
D1E2F3G4H5I6J,B08N5K5D5S,5,2023-06-15 17:20:00,REV100816
H7I8J9K0L1M2N,B08KTZCF4N,3.4,2023-02-01 14:20:00,REV100817
F1G2H3I4J5K6L,B08L8J1G3Z,4,2023-10-20 10:45:00,REV100818
C5D6E7F8G9H0I,B08K3Y2D5V,5,2023-05-25 19:30:00,REV100819
K1L2M3N4O5P6Q,B08L3QCZZX,4.7,2023-07-10 19:45:00,REV100820
R1S2T3U4V5W6X,B08L8J1G3Q,4.7,2023-08-30 13:40:00,REV100821
V9W0X1Y2Z3A4B,B07T81554H,5,2023-04-25 17:30:00,REV100822
Y1Z2A3B4C5D6E,B08F2T4L2H,3.8,2023-09-10 10:20:00,REV100823
V9W0X1Y2Z3A4B,B07K1J3C23,4.8,2023-04-30 14:20:00,REV100824
O3P4Q5R6S7T8U,B08K3Y2D5U,5,2023-03-20 11:35:00,REV100825
M1N2O3P4Q5R6S,B08HRJV5FS,4.8,2023-11-15 12:25:00,REV100826
K1L2M3N4O5P6Q,B08L8J1G3Q,2.7,2023-07-05 14:30:00,REV100827
T1U2V3W4X5Y6Z,B08L8J1G3Z,2.8,2023-12-10 16:20:00,REV100828
Y1Z2A3B4C5D6E,B08HRJV5FQ,4.9,2023-09-05 15:45:00,REV100829
A1B2C3D4E5F6G,B08F2T4L2K,4.3,2023-01-25 15:30:00,REV100830
T1U2V3W4X5Y6Z,B08F2T4L2G,4.5,2023-12-30 14:20:00,REV100831
O3P4Q5R6S7T8U,B08BX7FV5L,4.5,2023-03-18 09:25:00,REV100832
A1B2C3D4E5F6G,B08N5KWB9H,3.6,2023-01-18 11:30:00,REV100833
T1U2V3W4X5Y6Z,B08K3Y2D5X,5,2023-12-15 14:45:00,REV100834
V9W0X1Y2Z3A4B,B08F2T4L2H,3.1,2023-04-30 09:25:00,REV100835
A1B2C3D4E5F6G,B01LYEEFVH,5,2023-01-15 08:30:00,REV100836
Y1Z2A3B4C5D6E,B08N5K5D5W,4.5,2023-09-25 19:30:00,REV100837
R1S2T3U4V5W6X,B08F2T4L2G,4.5,2023-08-05 12:30:00,REV100838
A1B2C3D4E5F6G,B07XKF5RM3,4.9,2023-01-17 10:15:00,REV100839
D1E2F3G4H5I6J,B08JQQ1VD1,5,2023-06-01 09:00:00,REV100840
T1U2V3W4X5Y6Z,B08F2T4L2G,5,2023-12-30 14:20:00,REV100841
A1B2C3D4E5F6G,B08HRJV5FT,3.4,2023-01-20 12:15:00,REV100842
K1L2M3N4O5P6Q,B08L8J1G3Y,4.2,2023-07-25 16:50:00,REV100843
F1G2H3I4J5K6L,B08K3Y2D5V,4.1,2023-10-05 13:40:00,REV100844
V9W0X1Y2Z3A4B,B07T81554H,4.2,2023-04-25 17:30:00,REV100845
H7I8J9K0L1M2N,B08L8J1G3W,3.1,2023-02-25 14:20:00,REV100846
K1L2M3N4O5P6Q,B08HR5SXPS,4.2,2023-07-30 09:25:00,REV100847
T1U2V3W4X5Y6Z,B08N5K5D5W,3.7,2023-12-05 11:35:00,REV100848
K1L2M3N4O5P6Q,B08HR5SXPS,3.7,2023-07-01 10:15:00,REV100849
D1E2F3G4H5I6J,B08JQQ1VD1,4.7,2023-06-01 09:00:00,REV100850
H7I8J9K0L1M2N,B08KTZCF4N,2.7,2023-02-01 14:20:00,REV100851
M1N2O3P4Q5R6S,B08F2T4L2K,3.7,2023-11-25 16:50:00,REV100852
T1U2V3W4X5Y6Z,B08L8J1G3Z,3.6,2023-12-10 16:20:00,REV100853
F1G2H3I4J5K6L,B08K3Y2D5X,5,2023-10-25 14:20:00,REV100854
C5D6E7F8G9H0I,B08T4Y6HJX,4.7,2023-05-08 18:15:00,REV100855
D1E2F3G4H5I6J,B08JQQ1VD1,4.6,2023-06-01 09:00:00,REV100856
D1E2F3G4H5I6J,B08F7H7J9V,3.2,2023-06-10 11:45:00,REV100857
R1S2T3U4V5W6X,B08HRJV5FS,3.7,2023-08-25 13:40:00,REV100858
F1G2H3I4J5K6L,B08L8J1G3Z,4.3,2023-10-20 10:45:00,REV100859
F1G2H3I4J5K6L,B08F2T4L2I,4.1,2023-10-15 14:50:00,REV100860
O3P4Q5R6S7T8U,B07VGRJDFY,3.2,2023-03-12 10:15:00,REV100861
H7I8J9K0L1M2N,B08L8J1G3W,3.8,2023-02-25 14:20:00,REV100862
T1U2V3W4X5Y6Z,B08L8J1G3W,4.9,2023-12-25 13:40:00,REV100863
O3P4Q5R6S7T8U,B07VGRJDFY,2.7,2023-03-30 10:45:00,REV100864
K1L2M3N4O5P6Q,B08N5K5D5V,4.8,2023-07-20 11:35:00,REV100865
R1S2T3U4V5W6X,B08HRJV5FS,4.1,2023-08-25 13:40:00,REV100866
H7I8J9K0L1M2N,B08KTZCF4N,3.2,2023-02-01 14:20:00,REV100867
O3P4Q5R6S7T8U,B08K3Y2D5U,5,2023-03-20 11:35:00,REV100868
V9W0X1Y2Z3A4B,B08F2T4L2H,4,2023-04-30 09:25:00,REV100869
F1G2H3I4J5K6L,B08L8J1G3X,4.9,2023-10-01 09:15:00,REV100870
V9W0X1Y2Z3A4B,B08N5K5D5U,4.6,2023-05-05 13:40:00,REV100871
D1E2F3G4H5I6J,B08HRJV5FR,3.3,2023-06-20 10:45:00,REV100872
M1N2O3P4Q5R6S,B08HRJV5FT,2.6,2023-11-20 11:35:00,REV100873
A1B2C3D4E5F6G,B07W6ZQYJR,5,2023-01-30 17:15:00,REV100874
D1E2F3G4H5I6J,B08HRJV5FR,4.9,2023-06-20 10:45:00,REV100875
A1B2C3D4E5F6G,B07PGL8355,3.7,2023-01-16 09:45:00,REV100876
Y1Z2A3B4C5D6E,B08F2T4L2J,3.1,2023-09-20 17:15:00,REV100877
D1E2F3G4H5I6J,B08F2T4L2I,3,2023-06-25 14:20:00,REV100878
H7I8J9K0L1M2N,B08N5K5D5T,4.6,2023-02-20 10:45:00,REV100879
R1S2T3U4V5W6X,B08F2T4L2G,5,2023-08-05 12:30:00,REV100880
O3P4Q5R6S7T8U,B08L5WD9D6,2.7,2023-03-15 14:50:00,REV100881
V9W0X1Y2Z3A4B,B07K1J3C23,4.8,2023-04-30 14:20:00,REV100882
F1G2H3I4J5K6L,B08HRJV5FR,5,2023-10-10 18:25:00,REV100883
C5D6E7F8G9H0I,B08PDN2R3C,4.3,2023-05-30 11:35:00,REV100884
T1U2V3W4X5Y6Z,B08L8J1G3W,4.9,2023-12-25 13:40:00,REV100885
R1S2T3U4V5W6X,B08K3Y2D5W,5,2023-08-20 09:25:00,REV100886
R1S2T3U4V5W6X,B08HRJV5FS,3.8,2023-08-25 13:40:00,REV100887
K1L2M3N4O5P6Q,B08N5K5D5V,5,2023-07-20 11:35:00,REV100888
O3P4Q5R6S7T8U,B08HRJV5FQ,4.6,2023-03-25 16:50:00,REV100889
A1B2C3D4E5F6G,B07W6ZQYJR,5,2023-01-30 17:15:00,REV100890
C5D6E7F8G9H0I,B08K3Y2D5V,5,2023-05-25 19:30:00,REV100891
V9W0X1Y2Z3A4B,B08N5K5D5U,5,2023-05-05 13:40:00,REV100892
Y1Z2A3B4C5D6E,B08HRJV5FQ,5,2023-09-05 15:45:00,REV100893
R1S2T3U4V5W6X,B08N5K5D5T,5,2023-08-10 16:15:00,REV100894
H7I8J9K0L1M2N,B08L8J1G3W,3.3,2023-02-25 14:20:00,REV100895
V9W0X1Y2Z3A4B,B07K1J3C23,4.9,2023-04-30 14:20:00,REV100896
A1B2C3D4E5F6G,B01LYEEFVH,5,2023-01-15 08:30:00,REV100897
V9W0X1Y2Z3A4B,B08F2T4L2H,3.6,2023-04-30 09:25:00,REV100898
D1E2F3G4H5I6J,B08K3S6WJS,3.6,2023-06-05 15:30:00,REV100899
F1G2H3I4J5K6L,B08F2T4L2I,4.2,2023-10-15 14:50:00,REV100900
A1B2C3D4E5F6G,B01LYEEFVH,4.8,2023-01-15 08:30:00,REV100901
Y1Z2A3B4C5D6E,B08F2T4L2J,3,2023-09-20 17:15:00,REV100902
R1S2T3U4V5W6X,B08K3Y2D5W,5,2023-08-20 09:25:00,REV100903
O3P4Q5R6S7T8U,B08HRJV5FQ,4.1,2023-03-25 16:50:00,REV100904
M1N2O3P4Q5R6S,B08L8J1G3Y,4,2023-11-05 15:15:00,REV100905
D1E2F3G4H5I6J,B08JQQ1VD1,4.3,2023-06-01 09:00:00,REV100906
K1L2M3N4O5P6Q,B08HR5SXPS,3.4,2023-07-30 09:25:00,REV100907
Y1Z2A3B4C5D6E,B08L3QCZZX,5,2023-09-30 17:15:00,REV100908
D1E2F3G4H5I6J,B08K3S6WJS,5,2023-06-05 15:30:00,REV100909
F1G2H3I4J5K6L,B08K3Y2D5V,3.8,2023-10-05 13:40:00,REV100910
R1S2T3U4V5W6X,B08L8J1G3Q,4.1,2023-08-30 13:40:00,REV100911
H7I8J9K0L1M2N,B08J8FL9J2,4.1,2023-02-15 13:20:00,REV100912
K1L2M3N4O5P6Q,B08L8J1G3Y,4.8,2023-07-25 16:50:00,REV100913
T1U2V3W4X5Y6Z,B08L8J1G3Z,3,2023-12-10 16:20:00,REV100914
C5D6E7F8G9H0I,B08PDN2R3C,4.1,2023-05-05 20:30:00,REV100915